Name,Sex,Age,Height,Weight,Team,NOC,Games,Year,Season,City,Sport,Event,Medal
A Dijiang,M,24,180,80,China,CHN,1992 Summer,1992,Summer,Barcelona,Basketball,Basketball Men's Basketball,Medal
A Lamusi,M,23,170,60,China,CHN,2012 Summer,2012,Summer,London,Judo,Judo Men's Extra-Lightweight,NA
Gunnar Nielsen Aaby,M,24,NA,NA,Denmark,DEN,1920 Summer,1920,Summer,Antwerpen,Football,Football Men's Football,NA
Edgar Lindenau Aabye,M,34,NA,NA,Denmark/Sweden,DEN,1900 Summer,1900,Summer,Paris,Tug-Of-War,Tug-Of-War Men's Tug-Of-War,NA
Christine Jacoba Aaftink,F,21,185,82,Netherlands,NED,1988 Winter,1988,Winter,Calgary,Speed Skating,Speed Skating Women's 500 metres,Gold
Christine Jacoba Aaftink,F,21,185,82,Netherlands,NED,1988 Winter,1988,Winter,Calgary,Speed Skating,"Speed Skating Women's 1,000 metres",NA
Christine Jacoba Aaftink,F,25,185,82,Netherlands,NED,1992 Winter,1992,Winter,Albertville,Speed Skating,Speed Skating Women's 500 metres,NA
Christine Jacoba Aaftink,F,25,185,82,Netherlands,NED,1992 Winter,1992,Winter,Albertville,Speed Skating,"Speed Skating Women's 1,000 metres",NA
Christine Jacoba Aaftink,F,27,185,82,Netherlands,NED,1994 Winter,1994,Winter,Lillehammer,Speed Skating,Speed Skating Women's 500 metres,NA
Christine Jacoba Aaftink,F,27,185,82,Netherlands,NED,1994 Winter,1994,Winter,Lillehammer,Speed Skating,"Speed Skating Women's 1,000 metres",NA
Per Knut Aaland,M,31,188,75,United States,USA,1992 Winter,1992,Winter,Albertville,Cross Country Skiing,Cross Country Skiing Men's 10 kilometres,NA
Per Knut Aaland,M,31,188,75,United States,USA,1992 Winter,1992,Winter,Albertville,Cross Country Skiing,Cross Country Skiing Men's 50 kilometres,NA
Per Knut Aaland,M,31,188,75,United States,USA,1992 Winter,1992,Winter,Albertville,Cross Country Skiing,Cross Country Skiing Men's 10/15 kilometres Pursuit,NA
Per Knut Aaland,M,31,188,75,United States,USA,1992 Winter,1992,Winter,Albertville,Cross Country Skiing,Cross Country Skiing Men's 4 x 10 kilometres Relay,NA
Per Knut Aaland,M,33,188,75,United States,USA,1994 Winter,1994,Winter,Lillehammer,Cross Country Skiing,Cross Country Skiing Men's 10 kilometres,NA
Per Knut Aaland,M,33,188,75,United States,USA,1994 Winter,1994,Winter,Lillehammer,Cross Country Skiing,Cross Country Skiing Men's 30 kilometres,NA
Per Knut Aaland,M,33,188,75,United States,USA,1994 Winter,1994,Winter,Lillehammer,Cross Country Skiing,Cross Country Skiing Men's 10/15 kilometres Pursuit,NA
Per Knut Aaland,M,33,188,75,United States,USA,1994 Winter,1994,Winter,Lillehammer,Cross Country Skiing,Cross Country Skiing Men's 4 x 10 kilometres Relay,NA
John Aalberg,M,31,183,72,United States,USA,1992 Winter,1992,Winter,Albertville,Cross Country Skiing,Cross Country Skiing Men's 10 kilometres,NA
John Aalberg,M,31,183,72,United States,USA,1992 Winter,1992,Winter,Albertville,Cross Country Skiing,Cross Country Skiing Men's 50 kilometres,NA
John Aalberg,M,31,183,72,United States,USA,1992 Winter,1992,Winter,Albertville,Cross Country Skiing,Cross Country Skiing Men's 10/15 kilometres Pursuit,NA
John Aalberg,M,31,183,72,United States,USA,1992 Winter,1992,Winter,Albertville,Cross Country Skiing,Cross Country Skiing Men's 4 x 10 kilometres Relay,NA
John Aalberg,M,33,183,72,United States,USA,1994 Winter,1994,Winter,Lillehammer,Cross Country Skiing,Cross Country Skiing Men's 10 kilometres,NA
John Aalberg,M,33,183,72,United States,USA,1994 Winter,1994,Winter,Lillehammer,Cross Country Skiing,Cross Country Skiing Men's 30 kilometres,NA
John Aalberg,M,33,183,72,United States,USA,1994 Winter,1994,Winter,Lillehammer,Cross Country Skiing,Cross Country Skiing Men's 10/15 kilometres Pursuit,NA
John Aalberg,M,33,183,72,United States,USA,1994 Winter,1994,Winter,Lillehammer,Cross Country Skiing,Cross Country Skiing Men's 4 x 10 kilometres Relay,NA
"Cornelia ""Cor"" Aalten (-Strannood)",F,18,168,NA,Netherlands,NED,1932 Summer,1932,Summer,Los Angeles,Athletics,Athletics Women's 100 metres,NA
"Cornelia ""Cor"" Aalten (-Strannood)",F,18,168,NA,Netherlands,NED,1932 Summer,1932,Summer,Los Angeles,Athletics,Athletics Women's 4 x 100 metres Relay,NA
Antti Sami Aalto,M,26,186,96,Finland,FIN,2002 Winter,2002,Winter,Salt Lake City,Ice Hockey,Ice Hockey Men's Ice Hockey,NA
"Einar Ferdinand ""Einari"" Aalto",M,26,NA,NA,Finland,FIN,1952 Summer,1952,Summer,Helsinki,Swimming,Swimming Men's 400 metres Freestyle,NA
Jorma Ilmari Aalto,M,22,182,76.5,Finland,FIN,1980 Winter,1980,Winter,Lake Placid,Cross Country Skiing,Cross Country Skiing Men's 30 kilometres,NA
Jyri Tapani Aalto,M,31,172,70,Finland,FIN,2000 Summer,2000,Summer,Sydney,Badminton,Badminton Men's Singles,NA
Minna Maarit Aalto,F,30,159,55.5,Finland,FIN,1996 Summer,1996,Summer,Atlanta,Sailing,Sailing Women's Windsurfer,NA
Minna Maarit Aalto,F,34,159,55.5,Finland,FIN,2000 Summer,2000,Summer,Sydney,Sailing,Sailing Women's Windsurfer,NA
Pirjo Hannele Aalto (Mattila-),F,32,171,65,Finland,FIN,1994 Winter,1994,Winter,Lillehammer,Biathlon,Biathlon Women's 7.5 kilometres Sprint,NA
Arvo Ossian Aaltonen,M,22,NA,NA,Finland,FIN,1912 Summer,1912,Summer,Stockholm,Swimming,Swimming Men's 200 metres Breaststroke,NA
Arvo Ossian Aaltonen,M,22,NA,NA,Finland,FIN,1912 Summer,1912,Summer,Stockholm,Swimming,Swimming Men's 400 metres Breaststroke,NA
Arvo Ossian Aaltonen,M,30,NA,NA,Finland,FIN,1920 Summer,1920,Summer,Antwerpen,Swimming,Swimming Men's 200 metres Breaststroke,NA
Arvo Ossian Aaltonen,M,30,NA,NA,Finland,FIN,1920 Summer,1920,Summer,Antwerpen,Swimming,Swimming Men's 400 metres Breaststroke,Bronze
Arvo Ossian Aaltonen,M,34,NA,NA,Finland,FIN,1924 Summer,1924,Summer,Paris,Swimming,Swimming Men's 200 metres Breaststroke,Bronze
Juhamatti Tapio Aaltonen,M,28,184,85,Finland,FIN,2014 Winter,2014,Winter,Sochi,Ice Hockey,Ice Hockey Men's Ice Hockey,NA
Paavo Johannes Aaltonen,M,28,175,64,Finland,FIN,1948 Summer,1948,Summer,London,Gymnastics,Gymnastics Men's Individual All-Around,Bronze
Paavo Johannes Aaltonen,M,28,175,64,Finland,FIN,1948 Summer,1948,Summer,London,Gymnastics,Gymnastics Men's Team All-Around,Bronze
Paavo Johannes Aaltonen,M,28,175,64,Finland,FIN,1948 Summer,1948,Summer,London,Gymnastics,Gymnastics Men's Floor Exercise,Gold
Paavo Johannes Aaltonen,M,28,175,64,Finland,FIN,1948 Summer,1948,Summer,London,Gymnastics,Gymnastics Men's Horse Vault,NA
Paavo Johannes Aaltonen,M,28,175,64,Finland,FIN,1948 Summer,1948,Summer,London,Gymnastics,Gymnastics Men's Parallel Bars,Gold
Paavo Johannes Aaltonen,M,28,175,64,Finland,FIN,1948 Summer,1948,Summer,London,Gymnastics,Gymnastics Men's Horizontal Bar,NA
Paavo Johannes Aaltonen,M,28,175,64,Finland,FIN,1948 Summer,1948,Summer,London,Gymnastics,Gymnastics Men's Rings,NA
Paavo Johannes Aaltonen,M,28,175,64,Finland,FIN,1948 Summer,1948,Summer,London,Gymnastics,Gymnastics Men's Pommelled Horse,NA
Paavo Johannes Aaltonen,M,32,175,64,Finland,FIN,1952 Summer,1952,Summer,Helsinki,Gymnastics,Gymnastics Men's Individual All-Around,Gold
Paavo Johannes Aaltonen,M,32,175,64,Finland,FIN,1952 Summer,1952,Summer,Helsinki,Gymnastics,Gymnastics Men's Team All-Around,NA
Paavo Johannes Aaltonen,M,32,175,64,Finland,FIN,1952 Summer,1952,Summer,Helsinki,Gymnastics,Gymnastics Men's Floor Exercise,Bronze
Paavo Johannes Aaltonen,M,32,175,64,Finland,FIN,1952 Summer,1952,Summer,Helsinki,Gymnastics,Gymnastics Men's Horse Vault,NA
Paavo Johannes Aaltonen,M,32,175,64,Finland,FIN,1952 Summer,1952,Summer,Helsinki,Gymnastics,Gymnastics Men's Parallel Bars,NA
Paavo Johannes Aaltonen,M,32,175,64,Finland,FIN,1952 Summer,1952,Summer,Helsinki,Gymnastics,Gymnastics Men's Horizontal Bar,NA
Paavo Johannes Aaltonen,M,32,175,64,Finland,FIN,1952 Summer,1952,Summer,Helsinki,Gymnastics,Gymnastics Men's Rings,NA
Paavo Johannes Aaltonen,M,32,175,64,Finland,FIN,1952 Summer,1952,Summer,Helsinki,Gymnastics,Gymnastics Men's Pommelled Horse,NA
Timo Antero Aaltonen,M,31,189,130,Finland,FIN,2000 Summer,2000,Summer,Sydney,Athletics,Athletics Men's Shot Put,NA
Win Valdemar Aaltonen,M,54,NA,NA,Finland,FIN,1948 Summer,1948,Summer,London,Art Competitions,"Art Competitions Mixed Sculpturing, Unknown Event",NA
Kjetil Andr Aamodt,M,20,176,85,Norway,NOR,1992 Winter,1992,Winter,Albertville,Alpine Skiing,Alpine Skiing Men's Downhill,NA
Kjetil Andr Aamodt,M,20,176,85,Norway,NOR,1992 Winter,1992,Winter,Albertville,Alpine Skiing,Alpine Skiing Men's Super G,NA
Kjetil Andr Aamodt,M,20,176,85,Norway,NOR,1992 Winter,1992,Winter,Albertville,Alpine Skiing,Alpine Skiing Men's Giant Slalom,Gold
Kjetil Andr Aamodt,M,20,176,85,Norway,NOR,1992 Winter,1992,Winter,Albertville,Alpine Skiing,Alpine Skiing Men's Slalom,Bronze
Kjetil Andr Aamodt,M,22,176,85,Norway,NOR,1994 Winter,1994,Winter,Lillehammer,Alpine Skiing,Alpine Skiing Men's Downhill,NA
Kjetil Andr Aamodt,M,22,176,85,Norway,NOR,1994 Winter,1994,Winter,Lillehammer,Alpine Skiing,Alpine Skiing Men's Super G,Silver
Kjetil Andr Aamodt,M,22,176,85,Norway,NOR,1994 Winter,1994,Winter,Lillehammer,Alpine Skiing,Alpine Skiing Men's Giant Slalom,Bronze
Kjetil Andr Aamodt,M,22,176,85,Norway,NOR,1994 Winter,1994,Winter,Lillehammer,Alpine Skiing,Alpine Skiing Men's Slalom,NA
Kjetil Andr Aamodt,M,22,176,85,Norway,NOR,1994 Winter,1994,Winter,Lillehammer,Alpine Skiing,Alpine Skiing Men's Combined,NA
Kjetil Andr Aamodt,M,26,176,85,Norway,NOR,1998 Winter,1998,Winter,Nagano,Alpine Skiing,Alpine Skiing Men's Downhill,Silver
Kjetil Andr Aamodt,M,26,176,85,Norway,NOR,1998 Winter,1998,Winter,Nagano,Alpine Skiing,Alpine Skiing Men's Super G,NA
Kjetil Andr Aamodt,M,26,176,85,Norway,NOR,1998 Winter,1998,Winter,Nagano,Alpine Skiing,Alpine Skiing Men's Giant Slalom,NA
Kjetil Andr Aamodt,M,26,176,85,Norway,NOR,1998 Winter,1998,Winter,Nagano,Alpine Skiing,Alpine Skiing Men's Combined,NA
Kjetil Andr Aamodt,M,30,176,85,Norway,NOR,2002 Winter,2002,Winter,Salt Lake City,Alpine Skiing,Alpine Skiing Men's Downhill,NA
Kjetil Andr Aamodt,M,30,176,85,Norway,NOR,2002 Winter,2002,Winter,Salt Lake City,Alpine Skiing,Alpine Skiing Men's Super G,NA
Kjetil Andr Aamodt,M,30,176,85,Norway,NOR,2002 Winter,2002,Winter,Salt Lake City,Alpine Skiing,Alpine Skiing Men's Giant Slalom,Gold
Kjetil Andr Aamodt,M,30,176,85,Norway,NOR,2002 Winter,2002,Winter,Salt Lake City,Alpine Skiing,Alpine Skiing Men's Slalom,NA
Kjetil Andr Aamodt,M,30,176,85,Norway,NOR,2002 Winter,2002,Winter,Salt Lake City,Alpine Skiing,Alpine Skiing Men's Combined,NA
Kjetil Andr Aamodt,M,34,176,85,Norway,NOR,2006 Winter,2006,Winter,Torino,Alpine Skiing,Alpine Skiing Men's Downhill,Gold
Kjetil Andr Aamodt,M,34,176,85,Norway,NOR,2006 Winter,2006,Winter,Torino,Alpine Skiing,Alpine Skiing Men's Super G,NA
Ragnhild Margrethe Aamodt,F,27,163,NA,Norway,NOR,2008 Summer,2008,Summer,Beijing,Handball,Handball Women's Handball,Gold
Andreea Aanei,F,22,170,125,Romania,ROU,2016 Summer,2016,Summer,Rio de Janeiro,Weightlifting,Weightlifting Women's Super-Heavyweight,Gold
Fritz Aanes,M,22,187,89,Norway,NOR,2000 Summer,2000,Summer,Sydney,Wrestling,"Wrestling Men's Light-Heavyweight, Greco-Roman",NA
Fritz Aanes,M,26,187,89,Norway,NOR,2004 Summer,2004,Summer,Athina,Wrestling,"Wrestling Men's Light-Heavyweight, Greco-Roman",NA
Nils Egil Aaness,M,24,NA,NA,Norway,NOR,1960 Winter,1960,Winter,Squaw Valley,Speed Skating,Speed Skating Men's 500 metres,NA
Nils Egil Aaness,M,24,NA,NA,Norway,NOR,1960 Winter,1960,Winter,Squaw Valley,Speed Skating,"Speed Skating Men's 1,500 metres",NA
Nils Egil Aaness,M,27,NA,NA,Norway,NOR,1964 Winter,1964,Winter,Innsbruck,Speed Skating,"Speed Skating Men's 1,500 metres",NA
Alf Lied Aanning,M,24,NA,NA,Norway,NOR,1920 Summer,1920,Summer,Antwerpen,Gymnastics,"Gymnastics Men's Team All-Around, Free System",NA
Agnes Erika Aanonsen (-Eyde),F,17,169,65,Norway,NOR,1984 Winter,1984,Winter,Sarajevo,Luge,Luge Women's Singles,Silver
Johan Aantjes,M,26,NA,NA,Netherlands,NED,1984 Summer,1984,Summer,Los Angeles,Water Polo,Water Polo Men's Water Polo,NA
Jan-Erik Aarberg,M,43,170,77,Norway,NOR,1968 Summer,1968,Summer,Mexico City,Sailing,Sailing Mixed Three Person Keelboat,NA
Jan-Erik Aarberg,M,47,170,77,Norway,NOR,1972 Summer,1972,Summer,Munich,Sailing,Sailing Mixed Three Person Keelboat,NA
Willemien Aardenburg,F,22,NA,NA,Netherlands,NED,1988 Summer,1988,Summer,Seoul,Hockey,Hockey Women's Hockey,NA
Pepijn Aardewijn,M,26,189,72,Netherlands,NED,1996 Summer,1996,Summer,Atlanta,Rowing,Rowing Men's Lightweight Double Sculls,Bronze
Pepijn Aardewijn,M,30,189,72,Netherlands,NED,2000 Summer,2000,Summer,Sydney,Rowing,Rowing Men's Lightweight Double Sculls,Silver
Evald rma (rman-),M,24,174,70,Estonia,EST,1936 Summer,1936,Summer,Berlin,Athletics,Athletics Men's Pole Vault,NA
Olav Augunson Aarnes,M,23,NA,NA,Norway,NOR,1912 Summer,1912,Summer,Stockholm,Athletics,Athletics Men's High Jump,NA
Mika Lauri Aarnikka,M,24,187,76,Finland,FIN,1992 Summer,1992,Summer,Barcelona,Sailing,Sailing Men's Two Person Dinghy,NA
Mika Lauri Aarnikka,M,28,187,76,Finland,FIN,1996 Summer,1996,Summer,Atlanta,Sailing,Sailing Men's Two Person Dinghy,NA
Jamale (Djamel-) Aarrass (Ahrass-),M,30,187,76,France,FRA,2012 Summer,2012,Summer,London,Athletics,"Athletics Men's 1,500 metres",NA
Dagfinn Sverre Aarskog,M,24,190,98,Norway,NOR,1998 Winter,1998,Winter,Nagano,Bobsleigh,Bobsleigh Men's Four,NA
Stefan Remco Aartsen,M,21,194,78,Netherlands,NED,1996 Summer,1996,Summer,Atlanta,Swimming,Swimming Men's 100 metres Butterfly,NA
Stefan Remco Aartsen,M,21,194,78,Netherlands,NED,1996 Summer,1996,Summer,Atlanta,Swimming,Swimming Men's 200 metres Butterfly,NA
Stefan Remco Aartsen,M,21,194,78,Netherlands,NED,1996 Summer,1996,Summer,Atlanta,Swimming,Swimming Men's 4 x 100 metres Medley Relay,NA
Stefan Remco Aartsen,M,25,194,78,Netherlands,NED,2000 Summer,2000,Summer,Sydney,Swimming,Swimming Men's 100 metres Butterfly,NA
Stefan Remco Aartsen,M,25,194,78,Netherlands,NED,2000 Summer,2000,Summer,Sydney,Swimming,Swimming Men's 200 metres Butterfly,NA
Ann Kristin Aarnes,F,23,182,64,Norway,NOR,1996 Summer,1996,Summer,Atlanta,Football,Football Women's Football,NA
Karl Jan Aas,M,20,NA,NA,Norway,NOR,1920 Summer,1920,Summer,Antwerpen,Gymnastics,"Gymnastics Men's Team All-Around, Free System",Bronze
Lars Thorlaksn Aas,M,33,NA,NA,Norway,NOR,1912 Summer,1912,Summer,Stockholm,Fencing,"Fencing Men's Foil, Individual",Silver
Lars Thorlaksn Aas,M,33,NA,NA,Norway,NOR,1912 Summer,1912,Summer,Stockholm,Fencing,"Fencing Men's epee, Individual",NA
Lars Thorlaksn Aas,M,33,NA,NA,Norway,NOR,1912 Summer,1912,Summer,Stockholm,Fencing,"Fencing Men's epee, Team",NA
Roald Edgar Aas,M,23,NA,NA,Norway,NOR,1952 Winter,1952,Winter,Oslo,Speed Skating,"Speed Skating Men's 1,500 metres",NA
Roald Edgar Aas,M,27,NA,NA,Norway,NOR,1956 Winter,1956,Winter,Cortina d'Ampezzo,Speed Skating,"Speed Skating Men's 1,500 metres",Bronze
Roald Edgar Aas,M,27,NA,NA,Norway,NOR,1956 Winter,1956,Winter,Cortina d'Ampezzo,Speed Skating,"Speed Skating Men's 5,000 metres",NA
Roald Edgar Aas,M,31,NA,NA,Norway,NOR,1960 Winter,1960,Winter,Squaw Valley,Speed Skating,"Speed Skating Men's 1,500 metres",NA
Roald Edgar Aas,M,31,NA,NA,Norway,NOR,1960 Winter,1960,Winter,Squaw Valley,Speed Skating,"Speed Skating Men's 5,000 metres",Gold
Roald Edgar Aas,M,31,NA,NA,Norway,NOR,1960 Winter,1960,Winter,Squaw Valley,Speed Skating,"Speed Skating Men's 10,000 metres",NA
Rolf Aas,M,28,NA,NA,Norway,NOR,1920 Summer,1920,Summer,Antwerpen,Football,Football Men's Football,NA
Thomas Valentin Aas,M,25,NA,NA,Taifun,NOR,1912 Summer,1912,Summer,Stockholm,Sailing,Sailing Mixed 8 metres,NA
Morten Gjerdrum Aasen,M,34,185,75,Norway,NOR,1992 Summer,1992,Summer,Barcelona,Equestrianism,"Equestrianism Mixed Jumping, Individual",Gold
Meelis Aasme,M,25,182,73,Estonia,EST,1998 Winter,1998,Winter,Nagano,Cross Country Skiing,Cross Country Skiing Men's 30 kilometres,NA
Meelis Aasme,M,25,182,73,Estonia,EST,1998 Winter,1998,Winter,Nagano,Cross Country Skiing,Cross Country Skiing Men's 50 kilometres,NA
Meelis Aasme,M,29,182,73,Estonia,EST,2002 Winter,2002,Winter,Salt Lake City,Cross Country Skiing,Cross Country Skiing Men's 15 kilometres,NA
Meelis Aasme,M,29,182,73,Estonia,EST,2002 Winter,2002,Winter,Salt Lake City,Cross Country Skiing,Cross Country Skiing Men's 50 kilometres,NA
Meelis Aasme,M,29,182,73,Estonia,EST,2002 Winter,2002,Winter,Salt Lake City,Cross Country Skiing,Cross Country Skiing Men's 4 x 10 kilometres Relay,NA
Hakon Aasns,M,41,NA,NA,Norway,NOR,1936 Summer,1936,Summer,Berlin,Shooting,"Shooting Men's Small-Bore Rifle, Prone, 50 metres",NA
Hans Aasns,M,33,194,93,Norway,NOR,1936 Summer,1936,Summer,Berlin,Shooting,"Shooting Men's Rapid-Fire Pistol, 25 metres",NA
Hans Aasns,M,45,194,93,Norway,NOR,1948 Summer,1948,Summer,London,Shooting,"Shooting Men's Rapid-Fire Pistol, 25 metres",NA
Hans Aasns,M,49,194,93,Norway,NOR,1952 Summer,1952,Summer,Helsinki,Shooting,Shooting Men's Trap,NA
Hans Aasns,M,53,194,93,Norway,NOR,1956 Summer,1956,Summer,Melbourne,Shooting,Shooting Men's Trap,NA
Hans Aasns,M,57,194,93,Norway,NOR,1960 Summer,1960,Summer,Roma,Shooting,Shooting Men's Trap,NA
Erling Rudolf Aastad,M,22,177,74,Norway,NOR,1920 Summer,1920,Summer,Antwerpen,Athletics,Athletics Men's 4 x 100 metres Relay,NA
Erling Rudolf Aastad,M,22,177,74,Norway,NOR,1920 Summer,1920,Summer,Antwerpen,Athletics,Athletics Men's Long Jump,NA
Erling Rudolf Aastad,M,26,177,74,Norway,NOR,1924 Summer,1924,Summer,Paris,Athletics,Athletics Men's Long Jump,NA
Erling Rudolf Aastad,M,30,177,74,Norway,NOR,1928 Summer,1928,Summer,Amsterdam,Athletics,Athletics Men's Long Jump,NA
Abdelhak Aatakni,M,24,NA,64,Morocco,MAR,2012 Summer,2012,Summer,London,Boxing,Boxing Men's Light-Welterweight,NA
Moonika Aava,F,24,168,65,Estonia,EST,2004 Summer,2004,Summer,Athina,Athletics,Athletics Women's Javelin Throw,NA
Moonika Aava,F,28,168,65,Estonia,EST,2008 Summer,2008,Summer,Beijing,Athletics,Athletics Women's Javelin Throw,NA
Arvi Aavik,M,22,185,106,Estonia,EST,1992 Summer,1992,Summer,Barcelona,Wrestling,"Wrestling Men's Heavyweight, Freestyle",NA
Arvi Aavik,M,26,185,106,Estonia,EST,1996 Summer,1996,Summer,Atlanta,Wrestling,"Wrestling Men's Heavyweight, Freestyle",NA
Nstor Abad Sanjun,M,23,167,64,Spain,ESP,2016 Summer,2016,Summer,Rio de Janeiro,Gymnastics,Gymnastics Men's Individual All-Around,NA
Nstor Abad Sanjun,M,23,167,64,Spain,ESP,2016 Summer,2016,Summer,Rio de Janeiro,Gymnastics,Gymnastics Men's Floor Exercise,NA
Nstor Abad Sanjun,M,23,167,64,Spain,ESP,2016 Summer,2016,Summer,Rio de Janeiro,Gymnastics,Gymnastics Men's Parallel Bars,NA
Nstor Abad Sanjun,M,23,167,64,Spain,ESP,2016 Summer,2016,Summer,Rio de Janeiro,Gymnastics,Gymnastics Men's Horizontal Bar,NA
Nstor Abad Sanjun,M,23,167,64,Spain,ESP,2016 Summer,2016,Summer,Rio de Janeiro,Gymnastics,Gymnastics Men's Rings,NA
Nstor Abad Sanjun,M,23,167,64,Spain,ESP,2016 Summer,2016,Summer,Rio de Janeiro,Gymnastics,Gymnastics Men's Pommelled Horse,NA
Patrick Abada,M,22,189,80,France,FRA,1976 Summer,1976,Summer,Montreal,Athletics,Athletics Men's Pole Vault,NA
Talaat Abada,M,24,172,58,Egypt,EGY,2000 Summer,2000,Summer,Sydney,Taekwondo,Taekwondo Men's Flyweight,NA
Mohamed Jamshid Abadi,M,NA,NA,NA,Iran,IRI,1948 Summer,1948,Summer,London,Boxing,Boxing Men's Heavyweight,NA
Antonio Abadia Beci,M,26,170,65,Spain,ESP,2016 Summer,2016,Summer,Rio de Janeiro,Athletics,"Athletics Men's 5,000 metres",NA
Ren Abadie,M,21,NA,NA,France,FRA,1956 Summer,1956,Summer,Melbourne,Cycling,"Cycling Men's Road Race, Individual",NA
Ren Abadie,M,21,NA,NA,France,FRA,1956 Summer,1956,Summer,Melbourne,Cycling,"Cycling Men's Road Race, Team",NA
Borislav Abadzhiev,M,24,176,66,Bulgaria,BUL,1988 Summer,1988,Summer,Seoul,Boxing,Boxing Men's Light-Welterweight,Gold
Georgi Abadzhiev,M,NA,NA,NA,Bulgaria,BUL,1924 Summer,1924,Summer,Paris,Cycling,"Cycling Men's Road Race, Individual",NA
Georgi Abadzhiev,M,NA,NA,NA,Bulgaria,BUL,1924 Summer,1924,Summer,Paris,Cycling,"Cycling Men's Road Race, Team",NA
Ivan Nikolov Abadzhiev,M,24,164,71,Bulgaria,BUL,1956 Summer,1956,Summer,Melbourne,Weightlifting,Weightlifting Men's Lightweight,NA
Ivan Nikolov Abadzhiev,M,28,164,71,Bulgaria,BUL,1960 Summer,1960,Summer,Roma,Weightlifting,Weightlifting Men's Middleweight,NA
Mikhail Abadzhiev,M,24,172,75,Bulgaria,BUL,1960 Summer,1960,Summer,Roma,Weightlifting,Weightlifting Men's Middleweight,NA
Stefan Abadzhiev,M,26,175,72,Bulgaria,BUL,1960 Summer,1960,Summer,Roma,Football,Football Men's Football,NA
Giovanni Abagnale,M,21,198,90,Italy,ITA,2016 Summer,2016,Summer,Rio de Janeiro,Rowing,Rowing Men's Coxless Pairs,NA
Jos Luis Abajo Gmez,M,30,194,87,Spain,ESP,2008 Summer,2008,Summer,Beijing,Fencing,"Fencing Men's epee, Individual",Bronze
M'Bairo Abakar,M,31,NA,NA,Chad,CHA,1992 Summer,1992,Summer,Barcelona,Judo,Judo Men's Half-Middleweight,Bronze
Patimat Abakarova,F,21,165,49,Azerbaijan,AZE,2016 Summer,2016,Summer,Rio de Janeiro,Taekwondo,Taekwondo Women's Flyweight,NA
Mohamed Abakkar,M,NA,156,48,Sudan,SUD,1972 Summer,1972,Summer,Munich,Boxing,Boxing Men's Flyweight,Bronze
Mariya Vasilyevna Abakumova (-Tarabina),F,22,179,80,Russia,RUS,2008 Summer,2008,Summer,Beijing,Athletics,Athletics Women's Javelin Throw,NA
Mariya Vasilyevna Abakumova (-Tarabina),F,26,179,80,Russia,RUS,2012 Summer,2012,Summer,London,Athletics,Athletics Women's Javelin Throw,Silver
Pablo Martn Abal,M,23,178,76,Argentina,ARG,2000 Summer,2000,Summer,Sydney,Swimming,Swimming Men's 100 metres Butterfly,NA
Pablo Martn Abal,M,23,178,76,Argentina,ARG,2000 Summer,2000,Summer,Sydney,Swimming,Swimming Men's 4 x 100 metres Medley Relay,NA
Tamara Abalde Daz,F,19,185,72,Spain,ESP,2008 Summer,2008,Summer,Beijing,Basketball,Basketball Women's Basketball,NA
Jess Iory Aball Martnez,M,26,167,65,Cuba,CUB,2000 Summer,2000,Summer,Sydney,Diving,Diving Men's Platform,NA
Juan Antonio Aball Delgado,M,27,172,82,Cuba,CUB,1992 Summer,1992,Summer,Barcelona,Canoeing,"Canoeing Men's Canadian Doubles, 500 metres",NA
Juan Antonio Aball Delgado,M,27,172,82,Cuba,CUB,1992 Summer,1992,Summer,Barcelona,Canoeing,"Canoeing Men's Canadian Doubles, 1,000 metres",NA
Aleksey Aleksandrovich Abalmasov,M,24,180,83,Belarus,BLR,2004 Summer,2004,Summer,Athina,Canoeing,"Canoeing Men's Kayak Fours, 1,000 metres",NA
Aleksey Aleksandrovich Abalmasov,M,28,180,83,Belarus,BLR,2008 Summer,2008,Summer,Beijing,Canoeing,"Canoeing Men's Kayak Fours, 1,000 metres",NA
Luc Abalo,M,23,182,86,France,FRA,2008 Summer,2008,Summer,Beijing,Handball,Handball Men's Handball,Gold
Luc Abalo,M,27,182,86,France,FRA,2012 Summer,2012,Summer,London,Handball,Handball Men's Handball,Gold
Luc Abalo,M,31,182,86,France,FRA,2016 Summer,2016,Summer,Rio de Janeiro,Handball,Handball Men's Handball,Gold
Mara Laura Abalo,F,30,182,73,Argentina,ARG,2012 Summer,2012,Summer,London,Rowing,Rowing Women's Coxless Pairs,Silver
Giorgos Abalof,M,22,178,70,Greece,GRE,2004 Summer,2004,Summer,Athina,Fencing,"Fencing Men's epee, Individual",NA
Jouan Patrice Abanda Etong,M,22,185,82,Cameroon,CMR,2000 Summer,2000,Summer,Sydney,Football,Football Men's Football,NA
Antoine Abang,M,27,166,75,Cameroon,CMR,1968 Summer,1968,Summer,Mexico City,Boxing,Boxing Men's Middleweight,Gold
Salim Abanoz,M,26,NA,NA,Turkey,TUR,1996 Summer,1996,Summer,Atlanta,Judo,Judo Men's Lightweight,NA
Carlos Abarca Gonzlez,M,23,NA,NA,Chile,CHI,1924 Summer,1924,Summer,Paris,Boxing,Boxing Men's Featherweight,NA
Jos Mara Abarca Plotas,M,22,186,83,Spain,ESP,1996 Summer,1996,Summer,Atlanta,Water Polo,Water Polo Men's Water Polo,NA
Georgios Abaris,M,22,190,77,Greece,GRE,2004 Summer,2004,Summer,Athina,Football,Football Men's Football,Gold
Enrique Abaroa Martnez,M,26,183,75,Mexico,MEX,2000 Summer,2000,Summer,Sydney,Tennis,Tennis Men's Doubles,NA
Carlos Arturo Abarza Chavez,M,22,NA,NA,Chile,CHI,1992 Summer,1992,Summer,Barcelona,Shooting,Shooting Mixed Skeet,NA
Stephen Anthony Abas,M,26,165,55,United States,USA,2004 Summer,2004,Summer,Athina,Wrestling,"Wrestling Men's Featherweight, Freestyle",NA
Alejandro Abascal Garca,M,24,181,82,Spain,ESP,1976 Summer,1976,Summer,Montreal,Sailing,Sailing Mixed Two Person Heavyweight Dinghy,Silver
Alejandro Abascal Garca,M,28,181,82,Spain,ESP,1980 Summer,1980,Summer,Moskva,Sailing,Sailing Mixed Two Person Heavyweight Dinghy,NA
Alejandro Abascal Garca,M,32,181,82,Spain,ESP,1984 Summer,1984,Summer,Los Angeles,Sailing,Sailing Mixed Two Person Heavyweight Dinghy,Gold
Jos Manuel Abascal Gmez,M,22,182,67,Spain,ESP,1980 Summer,1980,Summer,Moskva,Athletics,"Athletics Men's 1,500 metres",NA
Jos Manuel Abascal Gmez,M,26,182,67,Spain,ESP,1984 Summer,1984,Summer,Los Angeles,Athletics,"Athletics Men's 1,500 metres",NA
Rost'om Omeris dze Abashidze,M,29,188,97,Soviet Union,URS,1964 Summer,1964,Summer,Tokyo,Wrestling,"Wrestling Men's Light-Heavyweight, Greco-Roman",Bronze
Nunu Dzhansuhivna Abashydze (-Myslaieva),F,25,168,105,Soviet Union,URS,1980 Summer,1980,Summer,Moskva,Athletics,Athletics Women's Shot Put,NA
Rodrigo Abasolo,M,21,NA,NA,Chile,CHI,1984 Summer,1984,Summer,Los Angeles,Rowing,Rowing Men's Coxed Eights,NA
Tamila Rashidovna Abasova,F,21,163,60,Russia,RUS,2004 Summer,2004,Summer,Athina,Cycling,Cycling Women's Sprint,NA
Tamila Rashidovna Abasova,F,21,163,60,Russia,RUS,2004 Summer,2004,Summer,Athina,Cycling,Cycling Women's 500 metres Time Trial,Silver
Emanuele Abate,M,27,190,80,Italy,ITA,2012 Summer,2012,Summer,London,Athletics,Athletics Men's 110 metres Hurdles,NA
Ignazio Abate,M,21,180,73,Italy,ITA,2008 Summer,2008,Summer,Beijing,Football,Football Men's Football,NA
Jol Marc Abati,M,34,190,85,France,FRA,2004 Summer,2004,Summer,Athina,Handball,Handball Men's Handball,NA
Jol Marc Abati,M,38,190,85,France,FRA,2008 Summer,2008,Summer,Beijing,Handball,Handball Men's Handball,NA
Ral Abatte,M,38,NA,NA,Chile,CHI,1984 Summer,1984,Summer,Los Angeles,Shooting,Shooting Mixed Trap,Gold
Georgia Abatzidou,F,35,155,43,Greece,GRE,2004 Summer,2004,Summer,Athina,Athletics,Athletics Women's Marathon,NA
Carlos Rodolfo Abaunza Balladares,M,18,168,60,Nicaragua,NCA,2004 Summer,2004,Summer,Athina,Athletics,Athletics Men's 100 metres,NA
Carlos Alberto Abaunza,M,16,180,70,Nicaragua,NCA,1976 Summer,1976,Summer,Montreal,Athletics,Athletics Men's High Jump,NA
Hctor Abaunza,M,30,169,75,Mexico,MEX,1968 Summer,1968,Summer,Mexico City,Fencing,"Fencing Men's Foil, Individual",NA
Hctor Abaunza,M,30,169,75,Mexico,MEX,1968 Summer,1968,Summer,Mexico City,Fencing,"Fencing Men's Foil, Team",NA
Hctor Abaunza,M,30,169,75,Mexico,MEX,1968 Summer,1968,Summer,Mexico City,Fencing,"Fencing Men's Sabre, Team",NA
Pter Abay,M,30,181,79,Hungary,HUN,1992 Summer,1992,Summer,Barcelona,Fencing,"Fencing Men's Sabre, Team",NA
Oszkr Abay-Nemes,M,22,NA,NA,Hungary,HUN,1936 Summer,1936,Summer,Berlin,Swimming,Swimming Men's 100 metres Freestyle,Silver
Oszkr Abay-Nemes,M,22,NA,NA,Hungary,HUN,1936 Summer,1936,Summer,Berlin,Swimming,Swimming Men's 4 x 200 metres Freestyle Relay,NA
Adeyemi Abayomi,M,25,170,51,Nigeria,NGR,1972 Summer,1972,Summer,Munich,Boxing,Boxing Men's Lightweight,Bronze
Sayed Fahmy Abaza,M,NA,NA,NA,Egypt,EGY,1920 Summer,1920,Summer,Antwerpen,Football,Football Men's Football,NA
Sayed Fahmy Abaza,M,NA,NA,NA,Egypt,EGY,1928 Summer,1928,Summer,Amsterdam,Football,Football Men's Football,NA
Silvano Abba,M,25,NA,NA,Italy,ITA,1936 Summer,1936,Summer,Berlin,Modern Pentathlon,Modern Pentathlon Men's Individual,NA
Gana Abba Kimet,M,26,NA,NA,Chad,CHA,1972 Summer,1972,Summer,Munich,Athletics,Athletics Men's 100 metres,Bronze
Ilyas Abbadi,M,19,175,75,Algeria,ALG,2012 Summer,2012,Summer,London,Boxing,Boxing Men's Welterweight,NA
Ilyas Abbadi,M,23,175,75,Algeria,ALG,2016 Summer,2016,Summer,Rio de Janeiro,Boxing,Boxing Men's Middleweight,NA
Agostino Abbagnale,M,22,188,96,Italy,ITA,1988 Summer,1988,Summer,Seoul,Rowing,Rowing Men's Quadruple Sculls,NA
Agostino Abbagnale,M,29,188,96,Italy,ITA,1996 Summer,1996,Summer,Atlanta,Rowing,Rowing Men's Double Sculls,Gold
Agostino Abbagnale,M,34,188,96,Italy,ITA,2000 Summer,2000,Summer,Sydney,Rowing,Rowing Men's Quadruple Sculls,Gold
Carmine Abbagnale,M,22,182,90,Italy,ITA,1984 Summer,1984,Summer,Los Angeles,Rowing,Rowing Men's Coxed Pairs,Gold
Carmine Abbagnale,M,26,182,90,Italy,ITA,1988 Summer,1988,Summer,Seoul,Rowing,Rowing Men's Coxed Pairs,Gold
Carmine Abbagnale,M,30,182,90,Italy,ITA,1992 Summer,1992,Summer,Barcelona,Rowing,Rowing Men's Coxed Pairs,Gold
Carmine Abbagnale,M,34,182,90,Italy,ITA,1996 Summer,1996,Summer,Atlanta,Rowing,Rowing Men's Coxed Eights,Silver
Giuseppe Abbagnale,M,20,187,97,Italy,ITA,1980 Summer,1980,Summer,Moskva,Rowing,Rowing Men's Coxed Pairs,NA
Giuseppe Abbagnale,M,25,187,97,Italy,ITA,1984 Summer,1984,Summer,Los Angeles,Rowing,Rowing Men's Coxed Pairs,NA
Giuseppe Abbagnale,M,29,187,97,Italy,ITA,1988 Summer,1988,Summer,Seoul,Rowing,Rowing Men's Coxed Pairs,Gold
Giuseppe Abbagnale,M,33,187,97,Italy,ITA,1992 Summer,1992,Summer,Barcelona,Rowing,Rowing Men's Coxed Pairs,Gold
Abdul Latif Al-Sayed Abbas Youssef Hashem,M,23,176,64,Kuwait,KUW,1976 Summer,1976,Summer,Montreal,Athletics,Athletics Men's 400 metres Hurdles,Silver
Abdul Latif Al-Sayed Abbas Youssef Hashem,M,23,176,64,Kuwait,KUW,1976 Summer,1976,Summer,Montreal,Athletics,Athletics Men's 4 x 100 metres Relay,NA
Abdul Latif Al-Sayed Abbas Youssef Hashem,M,27,176,64,Kuwait,KUW,1980 Summer,1980,Summer,Moskva,Athletics,Athletics Men's 400 metres Hurdles,NA
Abubakar Abbas Abbas,M,20,175,66,Bahrain,BRN,2016 Summer,2016,Summer,Rio de Janeiro,Athletics,Athletics Men's 400 metres,NA
Aqarab Abbas,M,22,190,88,Pakistan,PAK,1996 Summer,1996,Summer,Atlanta,Athletics,Athletics Men's Hammer Throw,NA
Aziz Abbas,M,21,169,67,Iraq,IRQ,1964 Summer,1964,Summer,Tokyo,Weightlifting,Weightlifting Men's Lightweight,NA
Bassim Abbas Kati Al-Ogaili,M,22,175,80,Iraq,IRQ,2004 Summer,2004,Summer,Athina,Football,Football Men's Football,NA
Essa Abbas Faleh Hashem,M,20,160,65,Kuwait,KUW,1980 Summer,1980,Summer,Moskva,Athletics,Athletics Men's Long Jump,NA
Ghulam Abbas,M,24,181,74,Pakistan,PAK,1992 Summer,1992,Summer,Barcelona,Athletics,Athletics Men's 400 metres Hurdles,NA
Hosni Mohamed Abbas,M,28,NA,60,United Arab Republic,UAR,1960 Summer,1960,Summer,Roma,Weightlifting,Weightlifting Men's Featherweight,NA
Hosni Mohamed Abbas,M,32,NA,60,Egypt,EGY,1964 Summer,1964,Summer,Tokyo,Weightlifting,Weightlifting Men's Featherweight,NA
Maher Abbas,M,22,178,78,Lebanon,LIB,1988 Summer,1988,Summer,Seoul,Athletics,Athletics Men's 400 metres,NA
Maher Abbas,M,22,178,78,Lebanon,LIB,1988 Summer,1988,Summer,Seoul,Athletics,Athletics Men's 800 metres,NA
Mahmoud Abbas,M,22,165,65,Egypt,EGY,2000 Summer,2000,Summer,Sydney,Cycling,"Cycling Men's Road Race, Individual",NA
Mohamed Fakhry Rifaat Abbas,M,19,NA,NA,Egypt,EGY,1952 Summer,1952,Summer,Helsinki,Diving,Diving Men's Platform,NA
Mohammed Abbas Sabih,M,26,170,70,Iraq,IRQ,2004 Summer,2004,Summer,Athina,Swimming,Swimming Men's 100 metres Freestyle,NA
Muhammad Abbas,M,23,168,55,Pakistan,PAK,2010 Winter,2010,Winter,Vancouver,Alpine Skiing,Alpine Skiing Men's Giant Slalom,NA
Nader Sufyan Abbas,M,28,173,77,Qatar,QAT,2004 Summer,2004,Summer,Athina,Weightlifting,Weightlifting Men's Middleweight,NA
Sohail Abbas,M,25,178,80,Pakistan,PAK,2000 Summer,2000,Summer,Sydney,Hockey,Hockey Men's Hockey,NA
Sohail Abbas,M,29,178,80,Pakistan,PAK,2004 Summer,2004,Summer,Athina,Hockey,Hockey Men's Hockey,NA
Sohail Abbas,M,37,178,80,Pakistan,PAK,2012 Summer,2012,Summer,London,Hockey,Hockey Men's Hockey,NA
Youssef Mohamed Abbas,M,31,NA,NA,Egypt,EGY,1952 Summer,1952,Summer,Helsinki,Basketball,Basketball Men's Basketball,NA
Zulkifli Abbas,M,28,170,62,Malaysia,MAS,1984 Summer,1984,Summer,Los Angeles,Hockey,Hockey Men's Hockey,NA
Forough Abbasi,F,20,164,58,Iran,IRI,2014 Winter,2014,Winter,Sochi,Alpine Skiing,Alpine Skiing Women's Slalom,NA
Shakeel Abbasi,M,20,165,60,Pakistan,PAK,2004 Summer,2004,Summer,Athina,Hockey,Hockey Men's Hockey,NA
Shakeel Abbasi,M,24,165,60,Pakistan,PAK,2008 Summer,2008,Summer,Beijing,Hockey,Hockey Men's Hockey,NA
Shakeel Abbasi,M,28,165,60,Pakistan,PAK,2012 Summer,2012,Summer,London,Hockey,Hockey Men's Hockey,NA
Soulmaz Abbasi Azad,F,28,173,60,Iran,IRI,2012 Summer,2012,Summer,London,Rowing,Rowing Women's Single Sculls,NA
Ruslan Abbasov,M,22,181,74,Azerbaijan,AZE,2008 Summer,2008,Summer,Beijing,Athletics,Athletics Men's 100 metres,NA
Tural Abbasov,M,18,182,76,Azerbaijan,AZE,2008 Summer,2008,Summer,Beijing,Swimming,Swimming Men's 50 metres Freestyle,NA
Tran Abbasova,F,33,159,53,Azerbaijan,AZE,2000 Summer,2000,Summer,Sydney,Weightlifting,Weightlifting Women's Featherweight,NA
Simona Abbate,F,28,171,64,Italy,ITA,2012 Summer,2012,Summer,London,Water Polo,Water Polo Women's Water Polo,NA
Franz Abb,M,NA,NA,NA,Germany,GER,1900 Summer,1900,Summer,Paris,Gymnastics,Gymnastics Men's Individual All-Around,NA
Christian Abbiati,M,23,192,90,Italy,ITA,2000 Summer,2000,Summer,Sydney,Football,Football Men's Football,NA
Lois Abbingh,F,23,178,72,Netherlands,NED,2016 Summer,2016,Summer,Rio de Janeiro,Handball,Handball Women's Handball,NA
Alessandro Abbio,M,29,195,85,Italy,ITA,2000 Summer,2000,Summer,Sydney,Basketball,Basketball Men's Basketball,NA
Giordano Giulio Abbondati,M,15,175,64,Italy,ITA,1964 Winter,1964,Winter,Innsbruck,Figure Skating,Figure Skating Men's Singles,NA
Giordano Giulio Abbondati,M,19,175,64,Italy,ITA,1968 Winter,1968,Winter,Grenoble,Figure Skating,Figure Skating Men's Singles,NA
Salwan Jasim Abbood Abbood,M,24,180,104,Iraq,IRQ,2016 Summer,2016,Summer,Rio de Janeiro,Weightlifting,Weightlifting Men's Heavyweight,NA
"George ""Ioannis"" Abbot",M,NA,NA,NA,Thessalonki-1,GRE,1906 Summer,1906,Summer,Athina,Football,Football Men's Football,NA
"William ""Bill"" Abbott Jr.",M,42,172,80,Canada,CAN,1996 Summer,1996,Summer,Atlanta,Sailing,Sailing Mixed Three Person Keelboat,Bronze
"William ""Bill"" Abbott Jr.",M,46,172,80,Canada,CAN,2000 Summer,2000,Summer,Sydney,Sailing,Sailing Mixed Three Person Keelboat,NA
Clare Abbott,F,30,167,58,Ireland,IRL,2016 Summer,2016,Summer,Rio de Janeiro,Equestrianism,"Equestrianism Mixed Three-Day Event, Individual",NA
Clare Abbott,F,30,167,58,Ireland,IRL,2016 Summer,2016,Summer,Rio de Janeiro,Equestrianism,"Equestrianism Mixed Three-Day Event, Team",NA
"David ""Dave"" Abbott",M,26,183,75,United States,USA,1928 Summer,1928,Summer,Amsterdam,Athletics,"Athletics Men's 5,000 metres",NA
"Desmond ""Des"" Abbott",M,21,184,87,Australia,AUS,2008 Summer,2008,Summer,Beijing,Hockey,Hockey Men's Hockey,NA
Geoffrey Grant Abbott,M,23,179,80,South Africa,RSA,2008 Summer,2008,Summer,Beijing,Hockey,Hockey Men's Hockey,Bronze
Jeremy Abbott,M,24,175,70,United States,USA,2010 Winter,2010,Winter,Vancouver,Figure Skating,Figure Skating Men's Singles,NA
Jeremy Abbott,M,28,175,70,United States,USA,2014 Winter,2014,Winter,Sochi,Figure Skating,Figure Skating Men's Singles,NA
Jeremy Abbott,M,28,175,70,United States,USA,2014 Winter,2014,Winter,Sochi,Figure Skating,Figure Skating Mixed Team,NA
Jeremy Abbott,M,19,179,71,Canada,CAN,1976 Summer,1976,Summer,Montreal,Canoeing,"Canoeing Men's Canadian Doubles, 1,000 metres",Bronze
Joanne Abbott,F,41,160,57,Canada,CAN,1996 Summer,1996,Summer,Atlanta,Sailing,Sailing Mixed Three Person Keelboat,NA
"Kathryn ""Katie"" Abbott",F,21,164,63,Canada,CAN,2008 Summer,2008,Summer,Beijing,Sailing,Sailing Women's Three Person Keelboat,NA
Mara Katherine Abbott,F,30,163,52,United States,USA,2016 Summer,2016,Summer,Rio de Janeiro,Cycling,"Cycling Women's Road Race, Individual",NA
Margaret Ives Abbott (-Dunne),F,23,NA,NA,United States,USA,1900 Summer,1900,Summer,Paris,Golf,Golf Women's Individual,NA
Mary Perkins Ives Abbott (Perkins-),F,42,NA,NA,United States,USA,1900 Summer,1900,Summer,Paris,Golf,Golf Women's Individual,Gold
Matt Abbott,M,34,185,91,Canada,CAN,2000 Summer,2000,Summer,Sydney,Sailing,Sailing Mixed Three Person Keelboat,NA
Monica Cecilia Abbott,F,23,191,88,United States,USA,2008 Summer,2008,Summer,Beijing,Softball,Softball Women's Softball,NA
Khadija Abbouda,F,40,165,57,Morocco,MAR,2008 Summer,2008,Summer,Beijing,Archery,Archery Women's Individual,Silver
Mohamed Ibrahim Abd El-Fatah Mohamed,M,22,185,98,Egypt,EGY,2000 Summer,2000,Summer,Sydney,Wrestling,"Wrestling Men's Light-Heavyweight, Greco-Roman",NA
Mohamed Ibrahim Abd El-Fatah Mohamed,M,26,185,98,Egypt,EGY,2004 Summer,2004,Summer,Athina,Wrestling,"Wrestling Men's Light-Heavyweight, Greco-Roman",NA
Mohamed Ibrahim Abd El-Fatah Mohamed,M,34,185,98,Egypt,EGY,2012 Summer,2012,Summer,London,Wrestling,"Wrestling Men's Heavyweight, Greco-Roman",NA
Mahmoud Abd El-Kader,M,23,195,94,Egypt,EGY,2008 Summer,2008,Summer,Beijing,Volleyball,Volleyball Men's Volleyball,NA
Mohamed Ibrahim Abd El-Salam,M,22,192,83,Egypt,EGY,2004 Summer,2004,Summer,Athina,Handball,Handball Men's Handball,NA
Mohamed Ibrahim Abd El-Salam,M,26,192,83,Egypt,EGY,2008 Summer,2008,Summer,Beijing,Handball,Handball Men's Handball,NA
Noha Abd Rabo,F,21,NA,NA,Egypt,EGY,2008 Summer,2008,Summer,Beijing,Taekwondo,Taekwondo Women's Heavyweight,NA
Reem Wa'il Abdalazem Abdalazem El-Bossaty,F,15,167,60,Egypt,EGY,2008 Summer,2008,Summer,Beijing,Synchronized Swimming,Synchronized Swimming Women's Duet,NA
Reem Wa'il Abdalazem Abdalazem El-Bossaty,F,15,167,60,Egypt,EGY,2008 Summer,2008,Summer,Beijing,Synchronized Swimming,Synchronized Swimming Women's Team,NA
Reem Wa'il Abdalazem Abdalazem El-Bossaty,F,19,167,60,Egypt,EGY,2012 Summer,2012,Summer,London,Synchronized Swimming,Synchronized Swimming Women's Team,NA
Ali Abdalla Afringi,M,25,163,57,Eritrea,ERI,2008 Summer,2008,Summer,Beijing,Athletics,"Athletics Men's 5,000 metres",NA
Hossam Abdalla,M,28,203,97,Egypt,EGY,2016 Summer,2016,Summer,Rio de Janeiro,Volleyball,Volleyball Men's Volleyball,NA
Hosam Abdallah,M,25,NA,NA,Egypt,EGY,1992 Summer,1992,Summer,Barcelona,Handball,Handball Men's Handball,NA
Hosam Abdallah,M,29,NA,NA,Egypt,EGY,1996 Summer,1996,Summer,Atlanta,Handball,Handball Men's Handball,NA
Ismail Abdallah,M,NA,NA,NA,United Arab Republic,UAR,1960 Summer,1960,Summer,Roma,Gymnastics,Gymnastics Men's Individual All-Around,NA
Ismail Abdallah,M,NA,NA,NA,United Arab Republic,UAR,1960 Summer,1960,Summer,Roma,Gymnastics,Gymnastics Men's Team All-Around,NA
Ismail Abdallah,M,NA,NA,NA,United Arab Republic,UAR,1960 Summer,1960,Summer,Roma,Gymnastics,Gymnastics Men's Floor Exercise,NA
Ismail Abdallah,M,NA,NA,NA,United Arab Republic,UAR,1960 Summer,1960,Summer,Roma,Gymnastics,Gymnastics Men's Horse Vault,NA
Ismail Abdallah,M,NA,NA,NA,United Arab Republic,UAR,1960 Summer,1960,Summer,Roma,Gymnastics,Gymnastics Men's Parallel Bars,NA
Ismail Abdallah,M,NA,NA,NA,United Arab Republic,UAR,1960 Summer,1960,Summer,Roma,Gymnastics,Gymnastics Men's Horizontal Bar,NA
Ismail Abdallah,M,NA,NA,NA,United Arab Republic,UAR,1960 Summer,1960,Summer,Roma,Gymnastics,Gymnastics Men's Rings,NA
Ismail Abdallah,M,NA,NA,NA,United Arab Republic,UAR,1960 Summer,1960,Summer,Roma,Gymnastics,Gymnastics Men's Pommelled Horse,NA
Maged Abdallah,M,22,NA,NA,Egypt,EGY,1992 Summer,1992,Summer,Barcelona,Fencing,"Fencing Men's Foil, Individual",NA
Nia Nicole Abdallah,F,20,175,56,United States,USA,2004 Summer,2004,Summer,Athina,Taekwondo,Taekwondo Women's Featherweight,NA
Omari Abdallah,M,21,168,57,Tanzania,TAN,1964 Summer,1964,Summer,Tokyo,Athletics,Athletics Men's Marathon,Silver
Omari Abdallah,M,29,168,57,Tanzania,TAN,1972 Summer,1972,Summer,Munich,Athletics,Athletics Men's 4 x 400 metres Relay,NA
Ould Lamine Abdallah,M,NA,NA,NA,France,FRA,1952 Summer,1952,Summer,Helsinki,Athletics,"Athletics Men's 10,000 metres",NA
Younis Abdallah Rabee,M,23,169,68,Kuwait,KUW,1972 Summer,1972,Summer,Munich,Athletics,Athletics Men's 100 metres,NA
Raida Abdallah Bader,F,19,158,49,Jordan,JOR,1984 Summer,1984,Summer,Los Angeles,Athletics,"Athletics Women's 3,000 metres",NA
Maha Abdalsalam Gouda,F,18,172,61,Egypt,EGY,2016 Summer,2016,Summer,Rio de Janeiro,Diving,Diving Women's Platform,NA
Mahmoud Abdel Aziz,M,25,174,70,Egypt,EGY,2000 Summer,2000,Summer,Sydney,Volleyball,Volleyball Men's Volleyball,NA
Mohamed Abdel Ellah,M,32,168,68,Egypt,EGY,2000 Summer,2000,Summer,Sydney,Shooting,"Shooting Men's Air Rifle, 10 metres",NA
Mohamed Abdel Fatah,M,NA,170,69,Sudan,SUD,1972 Summer,1972,Summer,Munich,Football,Football Men's Football,NA
Ali Mohamed Badawi Abdel Fattah Badawi,M,19,NA,NA,United Arab Republic,UAR,1960 Summer,1960,Summer,Roma,Football,Football Men's Football,NA
Abdelgani Hassan Abdel Fattah,M,31,NA,NA,Egypt,EGY,1952 Summer,1952,Summer,Helsinki,Athletics,Athletics Men's Marathon,NA
Mahmoud Atter Abdel Fattah,M,NA,NA,NA,United Arab Republic,UAR,1960 Summer,1960,Summer,Roma,Athletics,Athletics Men's Long Jump,NA
Mohamed Abdel Fattah,M,23,174,69,Egypt,EGY,2000 Summer,2000,Summer,Sydney,Cycling,"Cycling Men's Road Race, Individual",NA
Sayed Abdel Gadir,M,23,180,56,Sudan,SUD,1960 Summer,1960,Summer,Roma,Boxing,Boxing Men's Featherweight,NA
Sayed Abdel Gadir,M,32,180,56,Sudan,SUD,1968 Summer,1968,Summer,Mexico City,Boxing,Boxing Men's Lightweight,NA
Ibrahim Saad Abdel Galil,M,NA,176,73,Sudan,SUD,1972 Summer,1972,Summer,Munich,Athletics,Athletics Men's 200 metres,NA
Ibrahim Saad Abdel Galil,M,NA,176,73,Sudan,SUD,1972 Summer,1972,Summer,Munich,Athletics,Athletics Men's 4 x 400 metres Relay,NA
Heba Abdel Gawad,F,18,154,48,Egypt,EGY,2000 Summer,2000,Summer,Sydney,Synchronized Swimming,Synchronized Swimming Women's Duet,NA
Heba Abdel Gawad,F,22,154,48,Egypt,EGY,2004 Summer,2004,Summer,Athina,Synchronized Swimming,Synchronized Swimming Women's Duet,NA
Sara Abdel Gawad,F,18,153,46,Egypt,EGY,2000 Summer,2000,Summer,Sydney,Synchronized Swimming,Synchronized Swimming Women's Duet,NA
Gamal Amin Abdel Ghani,M,29,NA,NA,Egypt,EGY,1992 Summer,1992,Summer,Barcelona,Hockey,Hockey Men's Hockey,NA
Abdel Sattar Abdel Hadj,M,NA,NA,NA,United Arab Republic,UAR,1960 Summer,1960,Summer,Roma,Rowing,Rowing Men's Coxed Eights,NA
Ragy Abdel Hady,M,30,186,100,Egypt,EGY,2004 Summer,2004,Summer,Athina,Water Polo,Water Polo Men's Water Polo,NA
Osman Abdel Hafeez,M,31,NA,NA,Egypt,EGY,1948 Summer,1948,Summer,London,Fencing,"Fencing Men's Foil, Individual",NA
Osman Abdel Hafeez,M,31,NA,NA,Egypt,EGY,1948 Summer,1948,Summer,London,Fencing,"Fencing Men's Foil, Team",NA
Osman Abdel Hafeez,M,31,NA,NA,Egypt,EGY,1948 Summer,1948,Summer,London,Fencing,"Fencing Men's epee, Team",NA
Osman Abdel Hafeez,M,35,NA,NA,Egypt,EGY,1952 Summer,1952,Summer,Helsinki,Fencing,"Fencing Men's Foil, Team",NA
Osman Abdel Hafeez,M,35,NA,NA,Egypt,EGY,1952 Summer,1952,Summer,Helsinki,Fencing,"Fencing Men's epee, Team",NA
Mohamed Abdel Hafiz,M,NA,NA,NA,United Arab Republic,UAR,1960 Summer,1960,Summer,Roma,Water Polo,Water Polo Men's Water Polo,NA
Moustafa Ali Abdel Halim,M,32,152,52,Egypt,EGY,1976 Summer,1976,Summer,Montreal,Weightlifting,Weightlifting Men's Flyweight,NA
Mohamed Abdel Hamed,M,24,193,82,Egypt,EGY,1984 Summer,1984,Summer,Los Angeles,Volleyball,Volleyball Men's Volleyball,NA
Hwad Ibrahim Abdel Hamid Lumomba,M,NA,162,57,Sudan,SUD,1968 Summer,1968,Summer,Mexico City,Boxing,Boxing Men's Featherweight,NA
Ibrahim Abdel Hamid,M,NA,NA,NA,Egypt,EGY,1948 Summer,1948,Summer,London,Wrestling,"Wrestling Men's Featherweight, Freestyle",NA
Tamer Mohamed Abdel Hamid,M,20,NA,NA,Egypt,EGY,1992 Summer,1992,Summer,Barcelona,Football,Football Men's Football,NA
Ahmed El-Sayed Abdel Hamid Mobarak,M,25,189,85,Egypt,EGY,1972 Summer,1972,Summer,Munich,Basketball,Basketball Men's Basketball,NA
Dorri Abdel Kader Said,M,21,NA,NA,Egypt,EGY,1948 Summer,1948,Summer,London,Water Polo,Water Polo Men's Water Polo,NA
Dorri Abdel Kader Said,M,21,NA,NA,Egypt,EGY,1948 Summer,1948,Summer,London,Swimming,Swimming Men's 100 metres Freestyle,NA
Dorri Abdel Kader Said,M,21,NA,NA,Egypt,EGY,1948 Summer,1948,Summer,London,Swimming,Swimming Men's 100 metres Backstroke,NA
Dorri Abdel Kader Said,M,25,NA,NA,Egypt,EGY,1952 Summer,1952,Summer,Helsinki,Water Polo,Water Polo Men's Water Polo,NA
Dorri Abdel Kader Said,M,25,NA,NA,Egypt,EGY,1952 Summer,1952,Summer,Helsinki,Swimming,Swimming Men's 100 metres Freestyle,NA
Dorri Abdel Kader Said,M,33,NA,NA,United Arab Republic,UAR,1960 Summer,1960,Summer,Roma,Water Polo,Water Polo Men's Water Polo,NA
Moustafa Mounib Abdel Kader,M,NA,176,67,United Arab Republic,UAR,1960 Summer,1960,Summer,Roma,Athletics,Athletics Men's 100 metres,NA
Mohamed Ali Abdel Kerim,M,24,NA,81,Egypt,EGY,1952 Summer,1952,Summer,Helsinki,Weightlifting,Weightlifting Men's Light-Heavyweight,NA
Mohamed Ali Abdel Kerim,M,32,NA,81,United Arab Republic,UAR,1960 Summer,1960,Summer,Roma,Weightlifting,Weightlifting Men's Light-Heavyweight,NA
Mohamed Abdel Khaled,M,24,183,76,Tunisia,TUN,1976 Summer,1976,Summer,Montreal,Handball,Handball Men's Handball,NA
Abdel Latif Abdel Latif,M,28,172,68,Egypt,EGY,1988 Summer,1988,Summer,Seoul,Wrestling,"Wrestling Men's Lightweight, Greco-Roman",NA
Walid Abdel Maksoud,M,29,NA,NA,Egypt,EGY,2008 Summer,2008,Summer,Beijing,Handball,Handball Men's Handball,NA
Amir Abdel Meguid,M,23,178,67,Egypt,EGY,1984 Summer,1984,Summer,Los Angeles,Basketball,Basketball Men's Basketball,NA
Amir Abdel Meguid,M,27,178,67,Egypt,EGY,1988 Summer,1988,Summer,Seoul,Basketball,Basketball Men's Basketball,NA
Mohamed Abdel Mohamed,M,24,NA,NA,Egypt,EGY,1992 Summer,1992,Summer,Barcelona,Handball,Handball Men's Handball,NA
Karim Abdel Mohsen,M,25,188,92,Egypt,EGY,2004 Summer,2004,Summer,Athina,Water Polo,Water Polo Men's Water Polo,NA
Awad Abdel Nabi Awad,M,19,198,80,Egypt,EGY,1972 Summer,1972,Summer,Munich,Basketball,Basketball Men's Basketball,NA
Awad Abdel Nabi Awad,M,23,198,80,Egypt,EGY,1976 Summer,1976,Summer,Montreal,Basketball,Basketball Men's Basketball,NA
Ahmed Abdel Naeim,M,23,197,87,Egypt,EGY,2008 Summer,2008,Summer,Beijing,Volleyball,Volleyball Men's Volleyball,NA
Ahmed Abdel Naeim,M,31,197,87,Egypt,EGY,2016 Summer,2016,Summer,Rio de Janeiro,Volleyball,Volleyball Men's Volleyball,NA
Moustafa Abdel Naser,M,21,176,74,Libya,LBA,1996 Summer,1996,Summer,Atlanta,Athletics,Athletics Men's 400 metres,NA
Ali Abdel Radi,M,24,NA,NA,Egypt,EGY,1964 Summer,1964,Summer,Tokyo,Rowing,Rowing Men's Coxed Eights,NA
Amin Abdel Rahman,M,18,NA,NA,United Arab Republic,UAR,1960 Summer,1960,Summer,Roma,Water Polo,Water Polo Men's Water Polo,NA
Amin Abdel Rahman,M,22,NA,NA,Egypt,EGY,1964 Summer,1964,Summer,Tokyo,Water Polo,Water Polo Men's Water Polo,NA
Mohamed Fathallah Abdel Rahman,M,21,NA,NA,Egypt,EGY,1936 Summer,1936,Summer,Berlin,Fencing,"Fencing Men's Sabre, Individual",NA
Mohamed Fathallah Abdel Rahman,M,33,NA,NA,Egypt,EGY,1948 Summer,1948,Summer,London,Fencing,"Fencing Men's epee, Individual",NA
Mohamed Fathallah Abdel Rahman,M,33,NA,NA,Egypt,EGY,1948 Summer,1948,Summer,London,Fencing,"Fencing Men's epee, Team",NA
Mohamed Fathallah Abdel Rahman,M,37,NA,NA,Egypt,EGY,1952 Summer,1952,Summer,Helsinki,Fencing,"Fencing Men's epee, Individual",NA
Mohamed Fathallah Abdel Rahman,M,37,NA,NA,Egypt,EGY,1952 Summer,1952,Summer,Helsinki,Fencing,"Fencing Men's epee, Team",NA
Mohamed Fathallah Abdel Rahman,M,37,NA,NA,Egypt,EGY,1952 Summer,1952,Summer,Helsinki,Fencing,"Fencing Men's Sabre, Individual",NA
Mohamed Fathallah Abdel Rahman,M,37,NA,NA,Egypt,EGY,1952 Summer,1952,Summer,Helsinki,Fencing,"Fencing Men's Sabre, Team",NA
Fathi Ali Abdel Rahman,M,20,NA,NA,Egypt,EGY,1952 Summer,1952,Summer,Helsinki,Boxing,Boxing Men's Welterweight,NA
Ibrahim Abdel Rahman,M,NA,NA,NA,United Arab Republic,UAR,1960 Summer,1960,Summer,Roma,Water Polo,Water Polo Men's Water Polo,NA
Khaled Abdel Rahman,M,27,188,79,Egypt,EGY,1984 Summer,1984,Summer,Los Angeles,Volleyball,Volleyball Men's Volleyball,NA
Sameh Abdel Rahman,M,16,NA,NA,United Arab Republic,UAR,1960 Summer,1960,Summer,Roma,Fencing,"Fencing Men's Foil, Team",NA
Sameh Abdel Rahman,M,21,NA,NA,Egypt,EGY,1964 Summer,1964,Summer,Tokyo,Fencing,"Fencing Men's Foil, Individual",NA
Sameh Abdel Rahman,M,21,NA,NA,Egypt,EGY,1964 Summer,1964,Summer,Tokyo,Fencing,"Fencing Men's Foil, Team",NA
Yasser Abdel Rahman Sakr,M,30,180,120,Egypt,EGY,2008 Summer,2008,Summer,Beijing,Wrestling,"Wrestling Men's Super-Heavyweight, Greco-Roman",NA
Samy Abdel Razek,M,28,170,60,Egypt,EGY,2008 Summer,2008,Summer,Beijing,Shooting,"Shooting Men's Free Pistol, 50 metres",NA
Samy Abdel Razek,M,36,170,60,Egypt,EGY,2016 Summer,2016,Summer,Rio de Janeiro,Shooting,"Shooting Men's Air Pistol, 10 metres",NA
Samy Abdel Razek,M,36,170,60,Egypt,EGY,2016 Summer,2016,Summer,Rio de Janeiro,Shooting,"Shooting Men's Free Pistol, 50 metres",NA
Mohamed Youssef Abdel Razik,M,21,NA,NA,Egypt,EGY,1992 Summer,1992,Summer,Barcelona,Football,Football Men's Football,NA
Ibrahim Ahmed Abdel Rehim,M,21,190,83,Egypt,EGY,2004 Summer,2004,Summer,Athina,Fencing,"Fencing Men's epee, Team",NA
Kamal Abdel Rehim,M,26,190,95,Egypt,EGY,2000 Summer,2000,Summer,Sydney,Rowing,Rowing Men's Coxless Fours,NA
Reskalla Mohamed Abdel Rehim,M,22,165,48,Egypt,EGY,2000 Summer,2000,Summer,Sydney,Boxing,Boxing Men's Light-Flyweight,NA
Ahmed Ali Abdel Samad,M,27,195,95,Egypt,EGY,2000 Summer,2000,Summer,Sydney,Boxing,Boxing Men's Super-Heavyweight,NA
Ali Abdel Sami,M,28,NA,NA,Egypt,EGY,1964 Summer,1964,Summer,Tokyo,Rowing,Rowing Men's Coxed Eights,NA
Mohamed Abdel Sami,M,NA,NA,NA,United Arab Republic,UAR,1960 Summer,1960,Summer,Roma,Rowing,Rowing Men's Coxed Eights,NA
Sameh Abdel Waress Muhammad,M,24,NA,NA,Egypt,EGY,1996 Summer,1996,Summer,Atlanta,Handball,Handball Men's Handball,NA
Mohamed Said Abdel Wehab,M,22,157,48,Egypt,EGY,1976 Summer,1976,Summer,Montreal,Boxing,Boxing Men's Light-Flyweight,NA
Mahmoud Abdel-Aal,M,19,NA,NA,Egypt,EGY,1948 Summer,1948,Summer,London,Gymnastics,Gymnastics Men's Individual All-Around,NA
Mahmoud Abdel-Aal,M,19,NA,NA,Egypt,EGY,1948 Summer,1948,Summer,London,Gymnastics,Gymnastics Men's Team All-Around,NA
Mahmoud Abdel-Aal,M,19,NA,NA,Egypt,EGY,1948 Summer,1948,Summer,London,Gymnastics,Gymnastics Men's Floor Exercise,NA
Mahmoud Abdel-Aal,M,19,NA,NA,Egypt,EGY,1948 Summer,1948,Summer,London,Gymnastics,Gymnastics Men's Horse Vault,NA
Mahmoud Abdel-Aal,M,19,NA,NA,Egypt,EGY,1948 Summer,1948,Summer,London,Gymnastics,Gymnastics Men's Parallel Bars,NA
Mahmoud Abdel-Aal,M,19,NA,NA,Egypt,EGY,1948 Summer,1948,Summer,London,Gymnastics,Gymnastics Men's Horizontal Bar,NA
Mahmoud Abdel-Aal,M,19,NA,NA,Egypt,EGY,1948 Summer,1948,Summer,London,Gymnastics,Gymnastics Men's Rings,NA
Mahmoud Abdel-Aal,M,19,NA,NA,Egypt,EGY,1948 Summer,1948,Summer,London,Gymnastics,Gymnastics Men's Pommelled Horse,NA
Mohamed Abdel-El,M,NA,NA,NA,Egypt,EGY,1948 Summer,1948,Summer,London,Wrestling,"Wrestling Men's Flyweight, Greco-Roman",NA
Shaimaa Abdel-Latif-Hashad,F,23,165,57,Egypt,EGY,2004 Summer,2004,Summer,Athina,Shooting,"Shooting Women's Air Rifle, 10 metres",NA
Shaimaa Abdel-Latif-Hashad,F,27,165,57,Egypt,EGY,2008 Summer,2008,Summer,Beijing,Shooting,"Shooting Women's Air Rifle, 10 metres",NA
Shaimaa Abdel-Latif-Hashad,F,35,165,57,Egypt,EGY,2016 Summer,2016,Summer,Rio de Janeiro,Shooting,"Shooting Women's Air Rifle, 10 metres",NA
Sanad Bushara Abdel-Nadif,M,NA,NA,NA,Sudan,SUD,1972 Summer,1972,Summer,Munich,Football,Football Men's Football,NA
Ahmed Abdelaal,M,27,188,89,Egypt,EGY,2016 Summer,2016,Summer,Rio de Janeiro,Volleyball,Volleyball Men's Volleyball,NA
Mahmoud Abdelaal,M,24,176,60,Egypt,EGY,2016 Summer,2016,Summer,Rio de Janeiro,Boxing,Boxing Men's Lightweight,NA
Mohamed Ali Abdelaal,M,26,175,81,Egypt,EGY,2016 Summer,2016,Summer,Rio de Janeiro,Judo,Judo Men's Half-Middleweight,NA
Moustafa Abdelal,M,NA,NA,NA,Egypt,EGY,1948 Summer,1948,Summer,London,Gymnastics,Gymnastics Men's Individual All-Around,NA
Moustafa Abdelal,M,NA,NA,NA,Egypt,EGY,1948 Summer,1948,Summer,London,Gymnastics,Gymnastics Men's Team All-Around,NA
Moustafa Abdelal,M,NA,NA,NA,Egypt,EGY,1948 Summer,1948,Summer,London,Gymnastics,Gymnastics Men's Floor Exercise,NA
Moustafa Abdelal,M,NA,NA,NA,Egypt,EGY,1948 Summer,1948,Summer,London,Gymnastics,Gymnastics Men's Horse Vault,NA
Moustafa Abdelal,M,NA,NA,NA,Egypt,EGY,1948 Summer,1948,Summer,London,Gymnastics,Gymnastics Men's Parallel Bars,NA
Moustafa Abdelal,M,NA,NA,NA,Egypt,EGY,1948 Summer,1948,Summer,London,Gymnastics,Gymnastics Men's Horizontal Bar,NA
Moustafa Abdelal,M,NA,NA,NA,Egypt,EGY,1948 Summer,1948,Summer,London,Gymnastics,Gymnastics Men's Rings,NA
Moustafa Abdelal,M,NA,NA,NA,Egypt,EGY,1948 Summer,1948,Summer,London,Gymnastics,Gymnastics Men's Pommelled Horse,NA
Mahmod Abdelaly,M,41,NA,NA,Egypt,EGY,2008 Summer,2008,Summer,Beijing,Shooting,"Shooting Men's Air Pistol, 10 metres",NA
Ibrahim Ramadan Ibrahim Abdelbaki,M,24,173,77,Egypt,EGY,2012 Summer,2012,Summer,London,Weightlifting,Weightlifting Men's Middleweight,NA
Ibrahim Ramadan Ibrahim Abdelbaki,M,28,173,77,Egypt,EGY,2016 Summer,2016,Summer,Rio de Janeiro,Weightlifting,Weightlifting Men's Middleweight,NA
Aziza Abdelfattah,F,17,159,51,Egypt,EGY,2008 Summer,2008,Summer,Beijing,Synchronized Swimming,Synchronized Swimming Women's Team,NA
Abdalla Abdelgadir El-Sheikh,M,21,170,58,Sudan,SUD,2008 Summer,2008,Summer,Beijing,Athletics,"Athletics Men's 1,500 metres",NA
Magdi Abdelghani Sayed Ahmed,M,25,NA,NA,Egypt,EGY,1984 Summer,1984,Summer,Los Angeles,Football,Football Men's Football,NA
Ragab Abdelhay Saad Abdelrazek Abdallah,M,21,170,94,Egypt,EGY,2012 Summer,2012,Summer,London,Weightlifting,Weightlifting Men's Light-Heavyweight,NA
Ragab Abdelhay Saad Abdelrazek Abdallah,M,25,170,94,Egypt,EGY,2016 Summer,2016,Summer,Rio de Janeiro,Weightlifting,Weightlifting Men's Middle-Heavyweight,NA
Ben Ahmed Abdelkrim,M,20,NA,NA,France,FRA,1952 Summer,1952,Summer,Helsinki,Athletics,"Athletics Men's 5,000 metres",NA
Mohamed Abdellah,M,36,170,70,Egypt,EGY,2004 Summer,2004,Summer,Athina,Shooting,"Shooting Men's Air Rifle, 10 metres",NA
Mohamed Abdellah,M,40,170,70,Egypt,EGY,2008 Summer,2008,Summer,Beijing,Shooting,"Shooting Men's Air Rifle, 10 metres",NA
Ayoub Abdellaoui,M,23,184,68,Algeria,ALG,2016 Summer,2016,Summer,Rio de Janeiro,Football,Football Men's Football,NA
Leila Abdelmoez,F,19,160,46,Egypt,EGY,2016 Summer,2016,Summer,Rio de Janeiro,Synchronized Swimming,Synchronized Swimming Women's Team,NA
Sayed Abdelmonem Sayed Hamed,M,23,170,60,Egypt,EGY,2012 Summer,2012,Summer,London,Wrestling,"Wrestling Men's Lightweight, Greco-Roman",NA
Ahmed Abdelrahman,M,20,165,60,Egypt,EGY,2016 Summer,2016,Summer,Rio de Janeiro,Judo,Judo Men's Extra-Lightweight,NA
Ihab Abdelrahman El-Sayed Abdelrahman,M,23,194,96,Egypt,EGY,2012 Summer,2012,Summer,London,Athletics,Athletics Men's Javelin Throw,NA
Raouf Abdelraouf,M,22,167,63,Egypt,EGY,2000 Summer,2000,Summer,Sydney,Gymnastics,Gymnastics Men's Individual All-Around,NA
Raouf Abdelraouf,M,22,167,63,Egypt,EGY,2000 Summer,2000,Summer,Sydney,Gymnastics,Gymnastics Men's Horse Vault,NA
Raouf Abdelraouf,M,22,167,63,Egypt,EGY,2000 Summer,2000,Summer,Sydney,Gymnastics,Gymnastics Men's Parallel Bars,NA
Raouf Abdelraouf,M,22,167,63,Egypt,EGY,2000 Summer,2000,Summer,Sydney,Gymnastics,Gymnastics Men's Rings,NA
Raouf Abdelraouf,M,22,167,63,Egypt,EGY,2000 Summer,2000,Summer,Sydney,Gymnastics,Gymnastics Men's Pommelled Horse,NA
Abouelfetoh Abdelrazek,M,21,NA,NA,Egypt,EGY,2008 Summer,2008,Summer,Beijing,Handball,Handball Men's Handball,NA
Mamdouh Abdelrehim,M,26,207,90,Egypt,EGY,2016 Summer,2016,Summer,Rio de Janeiro,Volleyball,Volleyball Men's Volleyball,NA
El-Hachemi Abdenouz,M,24,170,63,Algeria,ALG,1980 Summer,1980,Summer,Moskva,Athletics,"Athletics Men's 5,000 metres",NA
Rda Abdenouz,M,19,170,63,Algeria,ALG,1988 Summer,1988,Summer,Seoul,Athletics,Athletics Men's 800 metres,NA
Rda Abdenouz,M,23,170,63,Algeria,ALG,1992 Summer,1992,Summer,Barcelona,Athletics,Athletics Men's 800 metres,NA
Mouni Abderrahim,F,22,173,60,Algeria,ALG,2008 Summer,2008,Summer,Beijing,Volleyball,Volleyball Women's Volleyball,NA
Mouni Abderrahim,F,26,173,60,Algeria,ALG,2012 Summer,2012,Summer,London,Volleyball,Volleyball Women's Volleyball,NA
Saeid Morad Abdevali,M,22,170,80,Iran,IRI,2012 Summer,2012,Summer,London,Wrestling,"Wrestling Men's Welterweight, Greco-Roman",NA
Saeid Morad Abdevali,M,26,170,80,Iran,IRI,2016 Summer,2016,Summer,Rio de Janeiro,Wrestling,"Wrestling Men's Middleweight, Greco-Roman",NA
Bashir Abdi,M,27,176,56,Belgium,BEL,2016 Summer,2016,Summer,Rio de Janeiro,Athletics,"Athletics Men's 5,000 metres",Bronze
Bashir Abdi,M,27,176,56,Belgium,BEL,2016 Summer,2016,Summer,Rio de Janeiro,Athletics,"Athletics Men's 10,000 metres",NA
Youcef Abdi,M,30,178,66,Australia,AUS,2008 Summer,2008,Summer,Beijing,Athletics,"Athletics Men's 3,000 metres Steeplechase",NA
Youcef Abdi,M,34,178,66,Australia,AUS,2012 Summer,2012,Summer,London,Athletics,"Athletics Men's 3,000 metres Steeplechase",NA
Jamal Abdi Hassan Abdullah,M,19,177,65,Qatar,QAT,1992 Summer,1992,Summer,Barcelona,Athletics,"Athletics Men's 3,000 metres Steeplechase",NA
Jamal Abdi Hassan Abdullah,M,23,177,65,Qatar,QAT,1996 Summer,1996,Summer,Atlanta,Athletics,"Athletics Men's 3,000 metres Steeplechase",NA
Talal Omar Abdillahi,M,21,170,57,Djibouti,DJI,1988 Summer,1988,Summer,Seoul,Athletics,"Athletics Men's 10,000 metres",NA
Talal Omar Abdillahi,M,25,170,57,Djibouti,DJI,1992 Summer,1992,Summer,Barcelona,Athletics,Athletics Men's Marathon,NA
Mahmoud Ahmed Abdin,M,21,NA,NA,Egypt,EGY,1928 Summer,1928,Summer,Amsterdam,Fencing,"Fencing Men's Foil, Individual",NA
Mahmoud Ahmed Abdin,M,21,NA,NA,Egypt,EGY,1928 Summer,1928,Summer,Amsterdam,Fencing,"Fencing Men's Foil, Team",NA
Mahmoud Ahmed Abdin,M,29,NA,NA,Egypt,EGY,1936 Summer,1936,Summer,Berlin,Fencing,"Fencing Men's Foil, Individual",NA
Mahmoud Ahmed Abdin,M,29,NA,NA,Egypt,EGY,1936 Summer,1936,Summer,Berlin,Fencing,"Fencing Men's Foil, Team",NA
Mahmoud Ahmed Abdin,M,29,NA,NA,Egypt,EGY,1936 Summer,1936,Summer,Berlin,Fencing,"Fencing Men's epee, Individual",NA
Mahmoud Ahmed Abdin,M,29,NA,NA,Egypt,EGY,1936 Summer,1936,Summer,Berlin,Fencing,"Fencing Men's epee, Team",NA
Mahmoud Ahmed Abdin,M,41,NA,NA,Egypt,EGY,1948 Summer,1948,Summer,London,Fencing,"Fencing Men's Foil, Team",NA
"Abdihakim ""Abdi"" Abdirahman",M,23,178,61,United States,USA,2000 Summer,2000,Summer,Sydney,Athletics,"Athletics Men's 10,000 metres",NA
"Abdihakim ""Abdi"" Abdirahman",M,27,178,61,United States,USA,2004 Summer,2004,Summer,Athina,Athletics,"Athletics Men's 10,000 metres",NA
"Abdihakim ""Abdi"" Abdirahman",M,31,178,61,United States,USA,2008 Summer,2008,Summer,Beijing,Athletics,"Athletics Men's 10,000 metres",NA
"Abdihakim ""Abdi"" Abdirahman",M,35,178,61,United States,USA,2012 Summer,2012,Summer,London,Athletics,Athletics Men's Marathon,NA
Ali Abdo,M,19,169,74,Australia,AUS,2000 Summer,2000,Summer,Sydney,Wrestling,"Wrestling Men's Welterweight, Greco-Roman",NA
Ali Abdo,M,23,169,74,Australia,AUS,2004 Summer,2004,Summer,Athina,Wrestling,"Wrestling Men's Middleweight, Freestyle",NA
Ali Abdo,M,27,169,74,Australia,AUS,2008 Summer,2008,Summer,Beijing,Wrestling,"Wrestling Men's Middleweight, Freestyle",NA
Hamza Abdo,M,17,NA,NA,Palestine,PLE,2008 Summer,2008,Summer,Beijing,Swimming,Swimming Men's 50 metres Freestyle,NA
Reema Abdo,F,21,173,59,Canada,CAN,1984 Summer,1984,Summer,Los Angeles,Swimming,Swimming Women's 100 metres Backstroke,NA
Reema Abdo,F,21,173,59,Canada,CAN,1984 Summer,1984,Summer,Los Angeles,Swimming,Swimming Women's 200 metres Backstroke,NA
Reema Abdo,F,21,173,59,Canada,CAN,1984 Summer,1984,Summer,Los Angeles,Swimming,Swimming Women's 4 x 100 metres Medley Relay,NA
Ahmed Abdo Mustafa,M,NA,NA,NA,Sudan,SUD,1972 Summer,1972,Summer,Munich,Football,Football Men's Football,Bronze
Nasrollah Abdollahi,M,24,183,75,Iran,IRI,1976 Summer,1976,Summer,Montreal,Football,Football Men's Football,NA
Yhyacinthe Mewoli Abdon,M,26,176,60,Cameroon,CMR,2012 Summer,2012,Summer,London,Boxing,Boxing Men's Lightweight,NA
Hassane Abdou,M,23,185,67,Comoros,COM,1996 Summer,1996,Summer,Atlanta,Athletics,Athletics Men's 400 metres,NA
Justin Abdou,M,29,175,85,Canada,CAN,2000 Summer,2000,Summer,Sydney,Wrestling,"Wrestling Men's Light-Heavyweight, Freestyle",NA
Moustafa Ahmed Ismail Abdou Ali Arfah,M,31,NA,NA,Egypt,EGY,1984 Summer,1984,Summer,Los Angeles,Football,Football Men's Football,NA
Raouf Abdou,M,22,165,60,Egypt,EGY,2004 Summer,2004,Summer,Athina,Modern Pentathlon,Modern Pentathlon Men's Individual,NA
Mohamed Abdou El-Souad,M,19,180,76,Egypt,EGY,1988 Summer,1988,Summer,Seoul,Modern Pentathlon,Modern Pentathlon Men's Individual,NA
Mohamed Abdou El-Souad,M,19,180,76,Egypt,EGY,1988 Summer,1988,Summer,Seoul,Modern Pentathlon,Modern Pentathlon Men's Team,NA
Mohamed Abdou El-Souad,M,23,180,76,Egypt,EGY,1992 Summer,1992,Summer,Barcelona,Modern Pentathlon,Modern Pentathlon Men's Individual,NA
Mohamed Abdou El-Souad,M,23,180,76,Egypt,EGY,1992 Summer,1992,Summer,Barcelona,Modern Pentathlon,Modern Pentathlon Men's Team,NA
Brahim Daoud Abdoulaye,M,25,NA,71,Chad,CHA,1996 Summer,1996,Summer,Atlanta,Athletics,Athletics Men's 200 metres,NA
Fawziya Abdoulkarim,F,27,180,67,Cameroon,CMR,2016 Summer,2016,Summer,Rio de Janeiro,Volleyball,Volleyball Women's Volleyball,NA
Alaa El-Din Abdoun,M,23,188,78,Egypt,EGY,1988 Summer,1988,Summer,Seoul,Basketball,Basketball Men's Basketball,NA
Ibrahim Abdrabbou,M,27,NA,NA,Egypt,EGY,1952 Summer,1952,Summer,Helsinki,Boxing,Boxing Men's Bantamweight,NA
Berik Abdrakhmanov,M,30,165,60,Kazakhstan,KAZ,2016 Summer,2016,Summer,Rio de Janeiro,Boxing,Boxing Men's Lightweight,NA
Maizurah Abdul Rahim,F,17,147,50,Brunei,BRU,2016 Summer,2016,Summer,Rio de Janeiro,Athletics,Athletics Women's 200 metres,NA
Mehdi Fahim Abdul Al-Sada,M,24,184,70,Iraq,IRQ,1980 Summer,1980,Summer,Moskva,Athletics,Athletics Men's 4 x 400 metres Relay,NA
Bashir Abdullah Abdul Aziz,M,22,180,73,Kuwait,KUW,2000 Summer,2000,Summer,Sydney,Football,Football Men's Football,NA
Chairil Anwar Abdul Aziz,M,24,163,61,Malaysia,MAS,1996 Summer,1996,Summer,Atlanta,Hockey,Hockey Men's Hockey,NA
Chairil Anwar Abdul Aziz,M,28,163,61,Malaysia,MAS,2000 Summer,2000,Summer,Sydney,Hockey,Hockey Men's Hockey,NA
Shaimaa Abdul Aziz,F,19,160,53,Egypt,EGY,2000 Summer,2000,Summer,Sydney,Table Tennis,Table Tennis Women's Singles,NA
,,,,,,,,,,,,,NA
,,,,,,,,,,,,,NA
,,,,,,,,,,,,,NA
,,,,,,,,,,,,,NA
,,,,,,,,,,,,,NA
,,,,,,,,,,,,,NA
,,,,,,,,,,,,,NA
,,,,,,,,,,,,,NA
,,,,,,,,,,,,,NA
,,,,,,,,,,,,,NA
,,,,,,,,,,,,,NA
,,,,,,,,,,,,,NA
,,,,,,,,,,,,,NA
,,,,,,,,,,,,,NA
,,,,,,,,,,,,,NA
,,,,,,,,,,,,,NA
,,,,,,,,,,,,,NA
,,,,,,,,,,,,,NA
,,,,,,,,,,,,,NA
,,,,,,,,,,,,,NA
,,,,,,,,,,,,,NA
,,,,,,,,,,,,,NA
,,,,,,,,,,,,,NA
,,,,,,,,,,,,,NA
,,,,,,,,,,,,,NA
,,,,,,,,,,,,,NA
,,,,,,,,,,,,,Gold
,,,,,,,,,,,,,Silver
,,,,,,,,,,,,,NA
,,,,,,,,,,,,,NA
,,,,,,,,,,,,,NA
,,,,,,,,,,,,,NA
,,,,,,,,,,,,,NA
,,,,,,,,,,,,,NA
,,,,,,,,,,,,,NA
,,,,,,,,,,,,,NA
,,,,,,,,,,,,,NA
,,,,,,,,,,,,,NA
,,,,,,,,,,,,,NA
,,,,,,,,,,,,,NA
,,,,,,,,,,,,,NA
,,,,,,,,,,,,,NA
,,,,,,,,,,,,,NA
,,,,,,,,,,,,,NA
,,,,,,,,,,,,,NA
,,,,,,,,,,,,,NA
,,,,,,,,,,,,,NA
,,,,,,,,,,,,,NA
,,,,,,,,,,,,,NA
,,,,,,,,,,,,,NA
,,,,,,,,,,,,,NA
,,,,,,,,,,,,,NA
,,,,,,,,,,,,,Gold
,,,,,,,,,,,,,NA
,,,,,,,,,,,,,NA
,,,,,,,,,,,,,NA
,,,,,,,,,,,,,NA
,,,,,,,,,,,,,NA
,,,,,,,,,,,,,NA
,,,,,,,,,,,,,NA
,,,,,,,,,,,,,NA
,,,,,,,,,,,,,NA
,,,,,,,,,,,,,NA
,,,,,,,,,,,,,NA
,,,,,,,,,,,,,NA
,,,,,,,,,,,,,NA
,,,,,,,,,,,,,NA
,,,,,,,,,,,,,NA
,,,,,,,,,,,,,NA
,,,,,,,,,,,,,NA
,,,,,,,,,,,,,NA
,,,,,,,,,,,,,NA
,,,,,,,,,,,,,NA
,,,,,,,,,,,,,NA
,,,,,,,,,,,,,NA
,,,,,,,,,,,,,NA
,,,,,,,,,,,,,NA
,,,,,,,,,,,,,NA
,,,,,,,,,,,,,NA
,,,,,,,,,,,,,NA
,,,,,,,,,,,,,NA
,,,,,,,,,,,,,NA
,,,,,,,,,,,,,NA
,,,,,,,,,,,,,NA
,,,,,,,,,,,,,NA
,,,,,,,,,,,,,NA
,,,,,,,,,,,,,NA
,,,,,,,,,,,,,NA
,,,,,,,,,,,,,NA
,,,,,,,,,,,,,Gold
,,,,,,,,,,,,,NA
,,,,,,,,,,,,,NA
,,,,,,,,,,,,,Silver
,,,,,,,,,,,,,Gold
,,,,,,,,,,,,,NA
,,,,,,,,,,,,,NA
,,,,,,,,,,,,,NA
,,,,,,,,,,,,,NA
,,,,,,,,,,,,,NA
,,,,,,,,,,,,,NA
,,,,,,,,,,,,,NA
,,,,,,,,,,,,,NA
,,,,,,,,,,,,,NA
,,,,,,,,,,,,,NA
,,,,,,,,,,,,,NA
,,,,,,,,,,,,,NA
,,,,,,,,,,,,,NA
,,,,,,,,,,,,,NA
,,,,,,,,,,,,,NA
,,,,,,,,,,,,,NA
,,,,,,,,,,,,,NA
,,,,,,,,,,,,,Gold
,,,,,,,,,,,,,NA
,,,,,,,,,,,,,NA
,,,,,,,,,,,,,NA
,,,,,,,,,,,,,NA
,,,,,,,,,,,,,NA
,,,,,,,,,,,,,NA
,,,,,,,,,,,,,NA
,,,,,,,,,,,,,Silver
,,,,,,,,,,,,,NA
,,,,,,,,,,,,,NA
,,,,,,,,,,,,,Gold
,,,,,,,,,,,,,NA
,,,,,,,,,,,,,NA
,,,,,,,,,,,,,NA
,,,,,,,,,,,,,NA
,,,,,,,,,,,,,NA
,,,,,,,,,,,,,NA
,,,,,,,,,,,,,NA
,,,,,,,,,,,,,NA
,,,,,,,,,,,,,NA
,,,,,,,,,,,,,NA
,,,,,,,,,,,,,NA
,,,,,,,,,,,,,NA
,,,,,,,,,,,,,NA
,,,,,,,,,,,,,NA
,,,,,,,,,,,,,NA
,,,,,,,,,,,,,Gold
,,,,,,,,,,,,,NA
,,,,,,,,,,,,,NA
,,,,,,,,,,,,,NA
,,,,,,,,,,,,,NA
,,,,,,,,,,,,,NA
,,,,,,,,,,,,,NA
,,,,,,,,,,,,,NA
,,,,,,,,,,,,,NA
,,,,,,,,,,,,,NA
,,,,,,,,,,,,,NA
,,,,,,,,,,,,,NA
,,,,,,,,,,,,,NA
,,,,,,,,,,,,,NA
,,,,,,,,,,,,,NA
,,,,,,,,,,,,,NA
,,,,,,,,,,,,,NA
,,,,,,,,,,,,,NA
,,,,,,,,,,,,,NA
,,,,,,,,,,,,,Bronze
,,,,,,,,,,,,,NA
,,,,,,,,,,,,,NA
,,,,,,,,,,,,,NA
,,,,,,,,,,,,,NA
,,,,,,,,,,,,,NA
,,,,,,,,,,,,,NA
,,,,,,,,,,,,,NA
,,,,,,,,,,,,,Silver
,,,,,,,,,,,,,NA
,,,,,,,,,,,,,NA
,,,,,,,,,,,,,NA
,,,,,,,,,,,,,NA
,,,,,,,,,,,,,NA
,,,,,,,,,,,,,NA
,,,,,,,,,,,,,NA
,,,,,,,,,,,,,NA
,,,,,,,,,,,,,Silver
,,,,,,,,,,,,,Gold
,,,,,,,,,,,,,NA
,,,,,,,,,,,,,NA
,,,,,,,,,,,,,NA
,,,,,,,,,,,,,Silver
,,,,,,,,,,,,,NA
,,,,,,,,,,,,,NA
,,,,,,,,,,,,,NA
,,,,,,,,,,,,,NA
,,,,,,,,,,,,,NA
,,,,,,,,,,,,,NA
,,,,,,,,,,,,,Bronze
,,,,,,,,,,,,,NA
,,,,,,,,,,,,,NA
,,,,,,,,,,,,,NA
,,,,,,,,,,,,,NA
,,,,,,,,,,,,,NA
,,,,,,,,,,,,,NA
,,,,,,,,,,,,,NA
,,,,,,,,,,,,,NA
,,,,,,,,,,,,,NA
,,,,,,,,,,,,,NA
,,,,,,,,,,,,,NA
,,,,,,,,,,,,,NA
,,,,,,,,,,,,,NA
,,,,,,,,,,,,,NA
,,,,,,,,,,,,,NA
,,,,,,,,,,,,,Silver
,,,,,,,,,,,,,NA
,,,,,,,,,,,,,Gold
,,,,,,,,,,,,,NA
,,,,,,,,,,,,,NA
,,,,,,,,,,,,,NA
,,,,,,,,,,,,,NA
,,,,,,,,,,,,,NA
,,,,,,,,,,,,,NA
,,,,,,,,,,,,,NA
,,,,,,,,,,,,,Gold
,,,,,,,,,,,,,Gold
,,,,,,,,,,,,,NA
,,,,,,,,,,,,,NA
,,,,,,,,,,,,,NA
,,,,,,,,,,,,,NA
,,,,,,,,,,,,,NA
,,,,,,,,,,,,,NA
,,,,,,,,,,,,,NA
,,,,,,,,,,,,,NA
,,,,,,,,,,,,,Gold
,,,,,,,,,,,,,NA
,,,,,,,,,,,,,NA
,,,,,,,,,,,,,NA
,,,,,,,,,,,,,NA
,,,,,,,,,,,,,NA
,,,,,,,,,,,,,NA
,,,,,,,,,,,,,Bronze
,,,,,,,,,,,,,Silver
,,,,,,,,,,,,,NA
,,,,,,,,,,,,,NA
,,,,,,,,,,,,,NA
,,,,,,,,,,,,,NA
,,,,,,,,,,,,,NA
,,,,,,,,,,,,,NA
,,,,,,,,,,,,,NA
,,,,,,,,,,,,,NA
,,,,,,,,,,,,,NA
,,,,,,,,,,,,,NA
,,,,,,,,,,,,,Gold
,,,,,,,,,,,,,Bronze
,,,,,,,,,,,,,NA
,,,,,,,,,,,,,NA
,,,,,,,,,,,,,NA
,,,,,,,,,,,,,NA
,,,,,,,,,,,,,NA
,,,,,,,,,,,,,NA
,,,,,,,,,,,,,Silver
,,,,,,,,,,,,,NA
,,,,,,,,,,,,,NA
,,,,,,,,,,,,,NA
,,,,,,,,,,,,,NA
,,,,,,,,,,,,,NA
,,,,,,,,,,,,,NA
,,,,,,,,,,,,,NA
,,,,,,,,,,,,,NA
,,,,,,,,,,,,,NA
,,,,,,,,,,,,,NA
,,,,,,,,,,,,,NA
,,,,,,,,,,,,,NA
,,,,,,,,,,,,,NA
,,,,,,,,,,,,,NA
,,,,,,,,,,,,,NA
,,,,,,,,,,,,,NA
,,,,,,,,,,,,,NA
,,,,,,,,,,,,,NA
,,,,,,,,,,,,,NA
,,,,,,,,,,,,,NA
,,,,,,,,,,,,,NA
,,,,,,,,,,,,,NA
,,,,,,,,,,,,,NA
,,,,,,,,,,,,,Gold
,,,,,,,,,,,,,NA
,,,,,,,,,,,,,NA
,,,,,,,,,,,,,NA
,,,,,,,,,,,,,NA
,,,,,,,,,,,,,NA
,,,,,,,,,,,,,NA
,,,,,,,,,,,,,NA
,,,,,,,,,,,,,NA
,,,,,,,,,,,,,NA
,,,,,,,,,,,,,NA
,,,,,,,,,,,,,NA
,,,,,,,,,,,,,NA
,,,,,,,,,,,,,NA
,,,,,,,,,,,,,NA
,,,,,,,,,,,,,NA
,,,,,,,,,,,,,Gold
,,,,,,,,,,,,,NA
,,,,,,,,,,,,,Bronze
,,,,,,,,,,,,,Silver
,,,,,,,,,,,,,NA
,,,,,,,,,,,,,NA
,,,,,,,,,,,,,NA
,,,,,,,,,,,,,Silver
,,,,,,,,,,,,,NA
,,,,,,,,,,,,,Silver
,,,,,,,,,,,,,Bronze
,,,,,,,,,,,,,NA
,,,,,,,,,,,,,NA
,,,,,,,,,,,,,NA
,,,,,,,,,,,,,NA
,,,,,,,,,,,,,NA
,,,,,,,,,,,,,Silver
,,,,,,,,,,,,,Bronze
,,,,,,,,,,,,,NA
,,,,,,,,,,,,,NA
,,,,,,,,,,,,,NA
,,,,,,,,,,,,,NA
,,,,,,,,,,,,,NA
,,,,,,,,,,,,,NA
,,,,,,,,,,,,,NA
,,,,,,,,,,,,,NA
,,,,,,,,,,,,,NA
,,,,,,,,,,,,,Bronze
,,,,,,,,,,,,,NA
,,,,,,,,,,,,,NA
,,,,,,,,,,,,,NA
,,,,,,,,,,,,,NA
,,,,,,,,,,,,,NA
,,,,,,,,,,,,,NA
,,,,,,,,,,,,,NA
,,,,,,,,,,,,,NA
,,,,,,,,,,,,,NA
,,,,,,,,,,,,,NA
,,,,,,,,,,,,,NA
,,,,,,,,,,,,,NA
,,,,,,,,,,,,,NA
,,,,,,,,,,,,,NA
,,,,,,,,,,,,,NA
,,,,,,,,,,,,,NA
,,,,,,,,,,,,,NA
,,,,,,,,,,,,,NA
,,,,,,,,,,,,,NA
,,,,,,,,,,,,,NA
,,,,,,,,,,,,,NA
,,,,,,,,,,,,,NA
,,,,,,,,,,,,,NA
,,,,,,,,,,,,,NA
,,,,,,,,,,,,,NA
,,,,,,,,,,,,,NA
,,,,,,,,,,,,,NA
,,,,,,,,,,,,,NA
,,,,,,,,,,,,,NA
,,,,,,,,,,,,,NA
,,,,,,,,,,,,,NA
,,,,,,,,,,,,,NA
,,,,,,,,,,,,,NA
,,,,,,,,,,,,,NA
,,,,,,,,,,,,,NA
,,,,,,,,,,,,,NA
,,,,,,,,,,,,,NA
,,,,,,,,,,,,,NA
,,,,,,,,,,,,,NA
,,,,,,,,,,,,,NA
,,,,,,,,,,,,,NA
,,,,,,,,,,,,,NA
,,,,,,,,,,,,,NA
,,,,,,,,,,,,,NA
,,,,,,,,,,,,,NA
,,,,,,,,,,,,,NA
,,,,,,,,,,,,,Silver
,,,,,,,,,,,,,NA
,,,,,,,,,,,,,NA
,,,,,,,,,,,,,NA
,,,,,,,,,,,,,NA
,,,,,,,,,,,,,NA
,,,,,,,,,,,,,NA
,,,,,,,,,,,,,NA
,,,,,,,,,,,,,NA
,,,,,,,,,,,,,NA
,,,,,,,,,,,,,NA
,,,,,,,,,,,,,NA
,,,,,,,,,,,,,NA
,,,,,,,,,,,,,NA
,,,,,,,,,,,,,NA
,,,,,,,,,,,,,NA
,,,,,,,,,,,,,NA
,,,,,,,,,,,,,NA
,,,,,,,,,,,,,NA
,,,,,,,,,,,,,NA
,,,,,,,,,,,,,NA
,,,,,,,,,,,,,NA
,,,,,,,,,,,,,NA
,,,,,,,,,,,,,Bronze
,,,,,,,,,,,,,Gold
,,,,,,,,,,,,,Silver
,,,,,,,,,,,,,NA
,,,,,,,,,,,,,NA
,,,,,,,,,,,,,NA
,,,,,,,,,,,,,NA
,,,,,,,,,,,,,NA
,,,,,,,,,,,,,Bronze
,,,,,,,,,,,,,NA
,,,,,,,,,,,,,NA
,,,,,,,,,,,,,NA
,,,,,,,,,,,,,NA
,,,,,,,,,,,,,NA
,,,,,,,,,,,,,NA
,,,,,,,,,,,,,NA
,,,,,,,,,,,,,NA
,,,,,,,,,,,,,NA
,,,,,,,,,,,,,NA
,,,,,,,,,,,,,Silver
,,,,,,,,,,,,,NA
,,,,,,,,,,,,,NA
,,,,,,,,,,,,,NA
,,,,,,,,,,,,,NA
,,,,,,,,,,,,,NA
,,,,,,,,,,,,,NA
,,,,,,,,,,,,,NA
,,,,,,,,,,,,,NA
,,,,,,,,,,,,,NA
,,,,,,,,,,,,,NA
,,,,,,,,,,,,,NA
,,,,,,,,,,,,,Gold
,,,,,,,,,,,,,NA
,,,,,,,,,,,,,Silver
,,,,,,,,,,,,,NA
,,,,,,,,,,,,,NA
,,,,,,,,,,,,,NA
,,,,,,,,,,,,,Gold
,,,,,,,,,,,,,NA
,,,,,,,,,,,,,NA
,,,,,,,,,,,,,NA
,,,,,,,,,,,,,NA
,,,,,,,,,,,,,NA
,,,,,,,,,,,,,NA
,,,,,,,,,,,,,NA
,,,,,,,,,,,,,Bronze
,,,,,,,,,,,,,NA
,,,,,,,,,,,,,NA
,,,,,,,,,,,,,NA
,,,,,,,,,,,,,NA
,,,,,,,,,,,,,NA
,,,,,,,,,,,,,Silver
,,,,,,,,,,,,,NA
,,,,,,,,,,,,,NA
,,,,,,,,,,,,,NA
,,,,,,,,,,,,,NA
,,,,,,,,,,,,,NA
,,,,,,,,,,,,,NA
,,,,,,,,,,,,,NA
,,,,,,,,,,,,,NA
,,,,,,,,,,,,,NA
,,,,,,,,,,,,,NA
,,,,,,,,,,,,,NA
,,,,,,,,,,,,,NA
,,,,,,,,,,,,,NA
,,,,,,,,,,,,,NA
,,,,,,,,,,,,,NA
,,,,,,,,,,,,,NA
,,,,,,,,,,,,,NA
,,,,,,,,,,,,,NA
,,,,,,,,,,,,,NA
,,,,,,,,,,,,,NA
,,,,,,,,,,,,,NA
,,,,,,,,,,,,,NA
,,,,,,,,,,,,,NA
,,,,,,,,,,,,,NA
,,,,,,,,,,,,,NA
,,,,,,,,,,,,,NA
,,,,,,,,,,,,,NA
,,,,,,,,,,,,,NA
,,,,,,,,,,,,,NA
,,,,,,,,,,,,,NA
,,,,,,,,,,,,,Bronze
,,,,,,,,,,,,,NA
,,,,,,,,,,,,,NA
,,,,,,,,,,,,,NA
,,,,,,,,,,,,,NA
,,,,,,,,,,,,,Silver
,,,,,,,,,,,,,NA
,,,,,,,,,,,,,NA
,,,,,,,,,,,,,Bronze
,,,,,,,,,,,,,NA
,,,,,,,,,,,,,NA
,,,,,,,,,,,,,NA
,,,,,,,,,,,,,NA
,,,,,,,,,,,,,NA
,,,,,,,,,,,,,NA
,,,,,,,,,,,,,NA
,,,,,,,,,,,,,NA
,,,,,,,,,,,,,NA
,,,,,,,,,,,,,NA
,,,,,,,,,,,,,NA
,,,,,,,,,,,,,NA
,,,,,,,,,,,,,NA
,,,,,,,,,,,,,NA
,,,,,,,,,,,,,NA
,,,,,,,,,,,,,NA
,,,,,,,,,,,,,NA
,,,,,,,,,,,,,NA
,,,,,,,,,,,,,NA
,,,,,,,,,,,,,NA
,,,,,,,,,,,,,NA
,,,,,,,,,,,,,NA
,,,,,,,,,,,,,NA
,,,,,,,,,,,,,NA
,,,,,,,,,,,,,NA
,,,,,,,,,,,,,NA
,,,,,,,,,,,,,NA
,,,,,,,,,,,,,NA
,,,,,,,,,,,,,NA
,,,,,,,,,,,,,NA
,,,,,,,,,,,,,NA
,,,,,,,,,,,,,NA
,,,,,,,,,,,,,NA
,,,,,,,,,,,,,NA
,,,,,,,,,,,,,NA
,,,,,,,,,,,,,NA
,,,,,,,,,,,,,NA
,,,,,,,,,,,,,NA
,,,,,,,,,,,,,NA
,,,,,,,,,,,,,NA
,,,,,,,,,,,,,NA
,,,,,,,,,,,,,NA
,,,,,,,,,,,,,NA
,,,,,,,,,,,,,NA
,,,,,,,,,,,,,NA
,,,,,,,,,,,,,NA
,,,,,,,,,,,,,NA
,,,,,,,,,,,,,NA
,,,,,,,,,,,,,NA
,,,,,,,,,,,,,NA
,,,,,,,,,,,,,NA
,,,,,,,,,,,,,NA
,,,,,,,,,,,,,NA
,,,,,,,,,,,,,NA
,,,,,,,,,,,,,Bronze
,,,,,,,,,,,,,NA
,,,,,,,,,,,,,NA
,,,,,,,,,,,,,NA
,,,,,,,,,,,,,NA
,,,,,,,,,,,,,NA
,,,,,,,,,,,,,Bronze
,,,,,,,,,,,,,NA
,,,,,,,,,,,,,NA
,,,,,,,,,,,,,NA
,,,,,,,,,,,,,NA
,,,,,,,,,,,,,NA
,,,,,,,,,,,,,NA
,,,,,,,,,,,,,NA
,,,,,,,,,,,,,Gold
,,,,,,,,,,,,,Gold
,,,,,,,,,,,,,Gold
,,,,,,,,,,,,,NA
,,,,,,,,,,,,,NA
,,,,,,,,,,,,,NA
,,,,,,,,,,,,,NA
,,,,,,,,,,,,,NA
,,,,,,,,,,,,,NA
,,,,,,,,,,,,,NA
,,,,,,,,,,,,,NA
,,,,,,,,,,,,,NA
,,,,,,,,,,,,,NA
,,,,,,,,,,,,,NA
,,,,,,,,,,,,,NA
,,,,,,,,,,,,,NA
,,,,,,,,,,,,,NA
,,,,,,,,,,,,,NA
,,,,,,,,,,,,,NA
,,,,,,,,,,,,,NA
,,,,,,,,,,,,,NA
,,,,,,,,,,,,,NA
,,,,,,,,,,,,,NA
,,,,,,,,,,,,,NA
,,,,,,,,,,,,,NA
,,,,,,,,,,,,,NA
,,,,,,,,,,,,,NA
,,,,,,,,,,,,,NA
,,,,,,,,,,,,,NA
,,,,,,,,,,,,,NA
,,,,,,,,,,,,,NA
,,,,,,,,,,,,,NA
,,,,,,,,,,,,,NA
,,,,,,,,,,,,,NA
,,,,,,,,,,,,,NA
,,,,,,,,,,,,,NA
,,,,,,,,,,,,,NA
,,,,,,,,,,,,,Gold
,,,,,,,,,,,,,NA
,,,,,,,,,,,,,NA
,,,,,,,,,,,,,NA
,,,,,,,,,,,,,NA
,,,,,,,,,,,,,NA
,,,,,,,,,,,,,NA
,,,,,,,,,,,,,NA
,,,,,,,,,,,,,NA
,,,,,,,,,,,,,Bronze
,,,,,,,,,,,,,NA
,,,,,,,,,,,,,NA
,,,,,,,,,,,,,NA
,,,,,,,,,,,,,NA
,,,,,,,,,,,,,NA
,,,,,,,,,,,,,NA
,,,,,,,,,,,,,NA
,,,,,,,,,,,,,NA
,,,,,,,,,,,,,NA
,,,,,,,,,,,,,NA
,,,,,,,,,,,,,NA
,,,,,,,,,,,,,NA
,,,,,,,,,,,,,NA
,,,,,,,,,,,,,NA
,,,,,,,,,,,,,NA
,,,,,,,,,,,,,Bronze
,,,,,,,,,,,,,Gold
,,,,,,,,,,,,,NA
,,,,,,,,,,,,,NA
,,,,,,,,,,,,,NA
,,,,,,,,,,,,,NA
,,,,,,,,,,,,,NA
,,,,,,,,,,,,,NA
,,,,,,,,,,,,,NA
,,,,,,,,,,,,,NA
,,,,,,,,,,,,,NA
,,,,,,,,,,,,,NA
,,,,,,,,,,,,,NA
,,,,,,,,,,,,,NA
,,,,,,,,,,,,,NA
,,,,,,,,,,,,,NA
,,,,,,,,,,,,,Bronze
,,,,,,,,,,,,,NA
,,,,,,,,,,,,,NA
,,,,,,,,,,,,,NA
,,,,,,,,,,,,,NA
,,,,,,,,,,,,,Gold
,,,,,,,,,,,,,NA
,,,,,,,,,,,,,NA
,,,,,,,,,,,,,NA
,,,,,,,,,,,,,NA
,,,,,,,,,,,,,NA
,,,,,,,,,,,,,NA
,,,,,,,,,,,,,Bronze
,,,,,,,,,,,,,NA
,,,,,,,,,,,,,NA
,,,,,,,,,,,,,NA
,,,,,,,,,,,,,NA
,,,,,,,,,,,,,NA
,,,,,,,,,,,,,NA
,,,,,,,,,,,,,NA
,,,,,,,,,,,,,NA
,,,,,,,,,,,,,NA
,,,,,,,,,,,,,NA
,,,,,,,,,,,,,NA
,,,,,,,,,,,,,NA
,,,,,,,,,,,,,NA
,,,,,,,,,,,,,NA
,,,,,,,,,,,,,NA
,,,,,,,,,,,,,NA
,,,,,,,,,,,,,NA
,,,,,,,,,,,,,NA
,,,,,,,,,,,,,NA
,,,,,,,,,,,,,NA
,,,,,,,,,,,,,Silver
,,,,,,,,,,,,,NA
,,,,,,,,,,,,,NA
,,,,,,,,,,,,,NA
,,,,,,,,,,,,,NA
,,,,,,,,,,,,,NA
,,,,,,,,,,,,,NA
,,,,,,,,,,,,,NA
,,,,,,,,,,,,,Bronze
,,,,,,,,,,,,,NA
,,,,,,,,,,,,,NA
,,,,,,,,,,,,,NA
,,,,,,,,,,,,,NA
,,,,,,,,,,,,,NA
,,,,,,,,,,,,,NA
,,,,,,,,,,,,,NA
,,,,,,,,,,,,,NA
,,,,,,,,,,,,,NA
,,,,,,,,,,,,,NA
,,,,,,,,,,,,,Silver
,,,,,,,,,,,,,NA
,,,,,,,,,,,,,NA
,,,,,,,,,,,,,NA
,,,,,,,,,,,,,NA
,,,,,,,,,,,,,NA
,,,,,,,,,,,,,NA
,,,,,,,,,,,,,NA
,,,,,,,,,,,,,NA
,,,,,,,,,,,,,NA
,,,,,,,,,,,,,NA
,,,,,,,,,,,,,NA
,,,,,,,,,,,,,NA
,,,,,,,,,,,,,NA
,,,,,,,,,,,,,NA
,,,,,,,,,,,,,NA
,,,,,,,,,,,,,NA
,,,,,,,,,,,,,NA
,,,,,,,,,,,,,Bronze
,,,,,,,,,,,,,Silver
,,,,,,,,,,,,,NA
,,,,,,,,,,,,,NA
,,,,,,,,,,,,,NA
,,,,,,,,,,,,,Bronze
,,,,,,,,,,,,,NA
,,,,,,,,,,,,,Bronze
,,,,,,,,,,,,,NA
,,,,,,,,,,,,,NA
,,,,,,,,,,,,,NA
,,,,,,,,,,,,,NA
,,,,,,,,,,,,,NA
,,,,,,,,,,,,,NA
,,,,,,,,,,,,,NA
,,,,,,,,,,,,,NA
,,,,,,,,,,,,,NA
,,,,,,,,,,,,,NA
,,,,,,,,,,,,,NA
,,,,,,,,,,,,,Bronze
,,,,,,,,,,,,,NA
,,,,,,,,,,,,,NA
,,,,,,,,,,,,,NA
,,,,,,,,,,,,,NA
,,,,,,,,,,,,,NA
,,,,,,,,,,,,,NA
,,,,,,,,,,,,,NA
,,,,,,,,,,,,,NA
,,,,,,,,,,,,,NA
,,,,,,,,,,,,,NA
,,,,,,,,,,,,,NA
,,,,,,,,,,,,,NA
,,,,,,,,,,,,,NA
,,,,,,,,,,,,,NA
,,,,,,,,,,,,,NA
,,,,,,,,,,,,,NA
,,,,,,,,,,,,,Bronze
,,,,,,,,,,,,,Silver
,,,,,,,,,,,,,NA
,,,,,,,,,,,,,NA
,,,,,,,,,,,,,NA
,,,,,,,,,,,,,NA
,,,,,,,,,,,,,NA
,,,,,,,,,,,,,NA
,,,,,,,,,,,,,NA
,,,,,,,,,,,,,NA
,,,,,,,,,,,,,Gold
,,,,,,,,,,,,,Gold
,,,,,,,,,,,,,Gold
,,,,,,,,,,,,,NA
,,,,,,,,,,,,,NA
,,,,,,,,,,,,,NA
,,,,,,,,,,,,,NA
,,,,,,,,,,,,,Silver
,,,,,,,,,,,,,NA
,,,,,,,,,,,,,Silver
,,,,,,,,,,,,,Silver
,,,,,,,,,,,,,NA
,,,,,,,,,,,,,NA
,,,,,,,,,,,,,NA
,,,,,,,,,,,,,NA
,,,,,,,,,,,,,NA
,,,,,,,,,,,,,NA
,,,,,,,,,,,,,Gold
,,,,,,,,,,,,,Bronze
,,,,,,,,,,,,,Gold
,,,,,,,,,,,,,Silver
,,,,,,,,,,,,,Silver
,,,,,,,,,,,,,NA
,,,,,,,,,,,,,NA
,,,,,,,,,,,,,NA
,,,,,,,,,,,,,NA
,,,,,,,,,,,,,NA
,,,,,,,,,,,,,NA
,,,,,,,,,,,,,NA
,,,,,,,,,,,,,NA
,,,,,,,,,,,,,NA
,,,,,,,,,,,,,NA
,,,,,,,,,,,,,NA
,,,,,,,,,,,,,NA
,,,,,,,,,,,,,NA
,,,,,,,,,,,,,NA
,,,,,,,,,,,,,NA
,,,,,,,,,,,,,NA
,,,,,,,,,,,,,NA
,,,,,,,,,,,,,Gold
,,,,,,,,,,,,,NA
,,,,,,,,,,,,,NA
,,,,,,,,,,,,,NA
,,,,,,,,,,,,,NA
,,,,,,,,,,,,,NA
,,,,,,,,,,,,,NA
,,,,,,,,,,,,,NA
,,,,,,,,,,,,,NA
,,,,,,,,,,,,,NA
,,,,,,,,,,,,,NA
,,,,,,,,,,,,,NA
,,,,,,,,,,,,,Bronze
,,,,,,,,,,,,,NA
,,,,,,,,,,,,,NA
,,,,,,,,,,,,,NA
,,,,,,,,,,,,,NA
,,,,,,,,,,,,,Bronze
,,,,,,,,,,,,,NA
,,,,,,,,,,,,,NA
,,,,,,,,,,,,,NA
,,,,,,,,,,,,,NA
,,,,,,,,,,,,,NA
,,,,,,,,,,,,,NA
,,,,,,,,,,,,,NA
,,,,,,,,,,,,,NA
,,,,,,,,,,,,,NA
,,,,,,,,,,,,,NA
,,,,,,,,,,,,,NA
,,,,,,,,,,,,,NA
,,,,,,,,,,,,,NA
,,,,,,,,,,,,,NA
,,,,,,,,,,,,,NA
,,,,,,,,,,,,,NA
,,,,,,,,,,,,,NA
,,,,,,,,,,,,,NA
,,,,,,,,,,,,,NA
,,,,,,,,,,,,,NA
,,,,,,,,,,,,,NA
,,,,,,,,,,,,,NA
,,,,,,,,,,,,,NA
,,,,,,,,,,,,,NA
,,,,,,,,,,,,,NA
,,,,,,,,,,,,,NA
,,,,,,,,,,,,,NA
,,,,,,,,,,,,,NA
,,,,,,,,,,,,,NA
,,,,,,,,,,,,,NA
,,,,,,,,,,,,,NA
,,,,,,,,,,,,,Bronze
,,,,,,,,,,,,,NA
,,,,,,,,,,,,,NA
,,,,,,,,,,,,,NA
,,,,,,,,,,,,,NA
,,,,,,,,,,,,,NA
,,,,,,,,,,,,,NA
,,,,,,,,,,,,,NA
,,,,,,,,,,,,,NA
,,,,,,,,,,,,,NA
,,,,,,,,,,,,,NA
,,,,,,,,,,,,,NA
,,,,,,,,,,,,,NA
,,,,,,,,,,,,,NA
,,,,,,,,,,,,,NA
,,,,,,,,,,,,,NA
,,,,,,,,,,,,,NA
,,,,,,,,,,,,,NA
,,,,,,,,,,,,,NA
,,,,,,,,,,,,,NA
,,,,,,,,,,,,,Gold
,,,,,,,,,,,,,NA
,,,,,,,,,,,,,NA
,,,,,,,,,,,,,NA
,,,,,,,,,,,,,NA
,,,,,,,,,,,,,NA
,,,,,,,,,,,,,NA
,,,,,,,,,,,,,Silver
,,,,,,,,,,,,,NA
,,,,,,,,,,,,,NA
,,,,,,,,,,,,,NA
,,,,,,,,,,,,,NA
,,,,,,,,,,,,,NA
,,,,,,,,,,,,,NA
,,,,,,,,,,,,,NA
,,,,,,,,,,,,,NA
,,,,,,,,,,,,,NA
,,,,,,,,,,,,,NA
,,,,,,,,,,,,,NA
,,,,,,,,,,,,,NA
,,,,,,,,,,,,,NA
,,,,,,,,,,,,,Gold
,,,,,,,,,,,,,NA
,,,,,,,,,,,,,NA
,,,,,,,,,,,,,NA
,,,,,,,,,,,,,NA
,,,,,,,,,,,,,NA
,,,,,,,,,,,,,NA
,,,,,,,,,,,,,Bronze
,,,,,,,,,,,,,NA
,,,,,,,,,,,,,Gold
,,,,,,,,,,,,,NA
,,,,,,,,,,,,,NA
,,,,,,,,,,,,,NA
,,,,,,,,,,,,,NA
,,,,,,,,,,,,,NA
,,,,,,,,,,,,,NA
,,,,,,,,,,,,,NA
,,,,,,,,,,,,,NA
,,,,,,,,,,,,,NA
,,,,,,,,,,,,,NA
,,,,,,,,,,,,,NA
,,,,,,,,,,,,,NA
,,,,,,,,,,,,,Silver
,,,,,,,,,,,,,NA
,,,,,,,,,,,,,NA
,,,,,,,,,,,,,NA
,,,,,,,,,,,,,NA
,,,,,,,,,,,,,NA
,,,,,,,,,,,,,NA
,,,,,,,,,,,,,NA
,,,,,,,,,,,,,NA
,,,,,,,,,,,,,NA
,,,,,,,,,,,,,NA
,,,,,,,,,,,,,NA
,,,,,,,,,,,,,NA
,,,,,,,,,,,,,NA
,,,,,,,,,,,,,NA
,,,,,,,,,,,,,NA
,,,,,,,,,,,,,NA
,,,,,,,,,,,,,NA
,,,,,,,,,,,,,NA
,,,,,,,,,,,,,NA
,,,,,,,,,,,,,NA
,,,,,,,,,,,,,NA
,,,,,,,,,,,,,NA
,,,,,,,,,,,,,NA
,,,,,,,,,,,,,NA
,,,,,,,,,,,,,NA
,,,,,,,,,,,,,NA
,,,,,,,,,,,,,NA
,,,,,,,,,,,,,NA
,,,,,,,,,,,,,NA
,,,,,,,,,,,,,NA
,,,,,,,,,,,,,NA
,,,,,,,,,,,,,NA
,,,,,,,,,,,,,NA
,,,,,,,,,,,,,NA
,,,,,,,,,,,,,NA
,,,,,,,,,,,,,NA
,,,,,,,,,,,,,NA
,,,,,,,,,,,,,NA
,,,,,,,,,,,,,NA
,,,,,,,,,,,,,NA
,,,,,,,,,,,,,NA
,,,,,,,,,,,,,NA
,,,,,,,,,,,,,NA
,,,,,,,,,,,,,NA
,,,,,,,,,,,,,NA
,,,,,,,,,,,,,NA
,,,,,,,,,,,,,NA
,,,,,,,,,,,,,NA
,,,,,,,,,,,,,NA
,,,,,,,,,,,,,NA
,,,,,,,,,,,,,NA
,,,,,,,,,,,,,NA
,,,,,,,,,,,,,NA
,,,,,,,,,,,,,NA
,,,,,,,,,,,,,NA
,,,,,,,,,,,,,NA
,,,,,,,,,,,,,NA
,,,,,,,,,,,,,NA
,,,,,,,,,,,,,NA
,,,,,,,,,,,,,NA
,,,,,,,,,,,,,NA
,,,,,,,,,,,,,Silver
,,,,,,,,,,,,,Bronze
,,,,,,,,,,,,,NA
,,,,,,,,,,,,,NA
,,,,,,,,,,,,,NA
,,,,,,,,,,,,,NA
,,,,,,,,,,,,,NA
,,,,,,,,,,,,,NA
,,,,,,,,,,,,,NA
,,,,,,,,,,,,,NA
,,,,,,,,,,,,,NA
,,,,,,,,,,,,,NA
,,,,,,,,,,,,,Silver
,,,,,,,,,,,,,NA
,,,,,,,,,,,,,NA
,,,,,,,,,,,,,NA
,,,,,,,,,,,,,NA
,,,,,,,,,,,,,NA
,,,,,,,,,,,,,NA
,,,,,,,,,,,,,NA
,,,,,,,,,,,,,NA
,,,,,,,,,,,,,NA
,,,,,,,,,,,,,Gold
,,,,,,,,,,,,,NA
,,,,,,,,,,,,,NA
,,,,,,,,,,,,,NA
,,,,,,,,,,,,,NA
,,,,,,,,,,,,,NA
,,,,,,,,,,,,,NA
,,,,,,,,,,,,,NA
,,,,,,,,,,,,,NA
,,,,,,,,,,,,,NA
,,,,,,,,,,,,,NA
,,,,,,,,,,,,,NA
,,,,,,,,,,,,,NA
,,,,,,,,,,,,,NA
,,,,,,,,,,,,,NA
,,,,,,,,,,,,,NA
,,,,,,,,,,,,,NA
,,,,,,,,,,,,,NA
,,,,,,,,,,,,,Silver
,,,,,,,,,,,,,Silver
,,,,,,,,,,,,,NA
,,,,,,,,,,,,,NA
,,,,,,,,,,,,,Gold
,,,,,,,,,,,,,Gold
,,,,,,,,,,,,,NA
,,,,,,,,,,,,,NA
,,,,,,,,,,,,,NA
,,,,,,,,,,,,,NA
,,,,,,,,,,,,,NA
,,,,,,,,,,,,,NA
,,,,,,,,,,,,,NA
,,,,,,,,,,,,,NA
,,,,,,,,,,,,,NA
,,,,,,,,,,,,,NA
,,,,,,,,,,,,,NA
,,,,,,,,,,,,,NA
,,,,,,,,,,,,,NA
,,,,,,,,,,,,,NA
,,,,,,,,,,,,,NA
,,,,,,,,,,,,,Gold
,,,,,,,,,,,,,Silver
,,,,,,,,,,,,,NA
,,,,,,,,,,,,,Bronze
,,,,,,,,,,,,,NA
,,,,,,,,,,,,,NA
,,,,,,,,,,,,,NA
,,,,,,,,,,,,,NA
,,,,,,,,,,,,,Bronze
,,,,,,,,,,,,,NA
,,,,,,,,,,,,,NA
,,,,,,,,,,,,,NA
,,,,,,,,,,,,,NA
,,,,,,,,,,,,,NA
,,,,,,,,,,,,,NA
,,,,,,,,,,,,,NA
,,,,,,,,,,,,,Gold
,,,,,,,,,,,,,Gold
,,,,,,,,,,,,,Silver
,,,,,,,,,,,,,NA
,,,,,,,,,,,,,NA
,,,,,,,,,,,,,NA
,,,,,,,,,,,,,Gold
,,,,,,,,,,,,,Gold
,,,,,,,,,,,,,Silver
,,,,,,,,,,,,,NA
,,,,,,,,,,,,,NA
,,,,,,,,,,,,,NA
,,,,,,,,,,,,,NA
,,,,,,,,,,,,,NA
,,,,,,,,,,,,,NA
,,,,,,,,,,,,,NA
,,,,,,,,,,,,,NA
,,,,,,,,,,,,,NA
,,,,,,,,,,,,,NA
,,,,,,,,,,,,,NA
,,,,,,,,,,,,,NA
,,,,,,,,,,,,,NA
,,,,,,,,,,,,,NA
,,,,,,,,,,,,,NA
,,,,,,,,,,,,,NA
,,,,,,,,,,,,,NA
,,,,,,,,,,,,,NA
,,,,,,,,,,,,,NA
,,,,,,,,,,,,,NA
,,,,,,,,,,,,,NA
,,,,,,,,,,,,,NA
,,,,,,,,,,,,,NA
,,,,,,,,,,,,,NA
,,,,,,,,,,,,,NA
,,,,,,,,,,,,,NA
,,,,,,,,,,,,,NA
,,,,,,,,,,,,,NA
,,,,,,,,,,,,,NA
,,,,,,,,,,,,,NA
,,,,,,,,,,,,,NA
,,,,,,,,,,,,,NA
,,,,,,,,,,,,,NA
,,,,,,,,,,,,,NA
,,,,,,,,,,,,,NA
,,,,,,,,,,,,,NA
,,,,,,,,,,,,,NA
,,,,,,,,,,,,,NA
,,,,,,,,,,,,,NA
,,,,,,,,,,,,,NA
,,,,,,,,,,,,,NA
,,,,,,,,,,,,,NA
,,,,,,,,,,,,,NA
,,,,,,,,,,,,,Bronze
,,,,,,,,,,,,,NA
,,,,,,,,,,,,,NA
,,,,,,,,,,,,,NA
,,,,,,,,,,,,,Bronze
,,,,,,,,,,,,,NA
,,,,,,,,,,,,,NA
,,,,,,,,,,,,,NA
,,,,,,,,,,,,,NA
,,,,,,,,,,,,,NA
,,,,,,,,,,,,,NA
,,,,,,,,,,,,,NA
,,,,,,,,,,,,,NA
,,,,,,,,,,,,,NA
,,,,,,,,,,,,,NA
,,,,,,,,,,,,,NA
,,,,,,,,,,,,,NA
,,,,,,,,,,,,,NA
,,,,,,,,,,,,,NA
,,,,,,,,,,,,,NA
,,,,,,,,,,,,,NA
,,,,,,,,,,,,,NA
,,,,,,,,,,,,,NA
,,,,,,,,,,,,,NA
,,,,,,,,,,,,,NA
,,,,,,,,,,,,,NA
,,,,,,,,,,,,,NA
,,,,,,,,,,,,,NA
,,,,,,,,,,,,,NA
,,,,,,,,,,,,,NA
,,,,,,,,,,,,,NA
,,,,,,,,,,,,,NA
,,,,,,,,,,,,,NA
,,,,,,,,,,,,,NA
,,,,,,,,,,,,,NA
,,,,,,,,,,,,,NA
,,,,,,,,,,,,,NA
,,,,,,,,,,,,,NA
,,,,,,,,,,,,,Silver
,,,,,,,,,,,,,NA
,,,,,,,,,,,,,NA
,,,,,,,,,,,,,NA
,,,,,,,,,,,,,NA
,,,,,,,,,,,,,NA
,,,,,,,,,,,,,NA
,,,,,,,,,,,,,NA
,,,,,,,,,,,,,NA
,,,,,,,,,,,,,NA
,,,,,,,,,,,,,NA
,,,,,,,,,,,,,NA
,,,,,,,,,,,,,NA
,,,,,,,,,,,,,NA
,,,,,,,,,,,,,NA
,,,,,,,,,,,,,NA
,,,,,,,,,,,,,NA
,,,,,,,,,,,,,NA
,,,,,,,,,,,,,NA
,,,,,,,,,,,,,NA
,,,,,,,,,,,,,Silver
,,,,,,,,,,,,,NA
,,,,,,,,,,,,,NA
,,,,,,,,,,,,,NA
,,,,,,,,,,,,,NA
,,,,,,,,,,,,,NA
,,,,,,,,,,,,,NA
,,,,,,,,,,,,,NA
,,,,,,,,,,,,,NA
,,,,,,,,,,,,,NA
,,,,,,,,,,,,,NA
,,,,,,,,,,,,,NA
,,,,,,,,,,,,,NA
,,,,,,,,,,,,,NA
,,,,,,,,,,,,,Silver
,,,,,,,,,,,,,Silver
,,,,,,,,,,,,,NA
,,,,,,,,,,,,,NA
,,,,,,,,,,,,,NA
,,,,,,,,,,,,,NA
,,,,,,,,,,,,,NA
,,,,,,,,,,,,,NA
,,,,,,,,,,,,,NA
,,,,,,,,,,,,,NA
,,,,,,,,,,,,,NA
,,,,,,,,,,,,,NA
,,,,,,,,,,,,,NA
,,,,,,,,,,,,,NA
,,,,,,,,,,,,,Silver
,,,,,,,,,,,,,NA
,,,,,,,,,,,,,NA
,,,,,,,,,,,,,Gold
,,,,,,,,,,,,,NA
,,,,,,,,,,,,,NA
,,,,,,,,,,,,,NA
,,,,,,,,,,,,,NA
,,,,,,,,,,,,,NA
,,,,,,,,,,,,,NA
,,,,,,,,,,,,,NA
,,,,,,,,,,,,,NA
,,,,,,,,,,,,,NA
,,,,,,,,,,,,,NA
,,,,,,,,,,,,,NA
,,,,,,,,,,,,,NA
,,,,,,,,,,,,,NA
,,,,,,,,,,,,,NA
,,,,,,,,,,,,,NA
,,,,,,,,,,,,,NA
,,,,,,,,,,,,,NA
,,,,,,,,,,,,,NA
,,,,,,,,,,,,,NA
,,,,,,,,,,,,,NA
,,,,,,,,,,,,,NA
,,,,,,,,,,,,,NA
,,,,,,,,,,,,,NA
,,,,,,,,,,,,,NA
,,,,,,,,,,,,,NA
,,,,,,,,,,,,,NA
,,,,,,,,,,,,,NA
,,,,,,,,,,,,,NA
,,,,,,,,,,,,,NA
,,,,,,,,,,,,,NA
,,,,,,,,,,,,,NA
,,,,,,,,,,,,,NA
,,,,,,,,,,,,,NA
,,,,,,,,,,,,,NA
,,,,,,,,,,,,,NA
,,,,,,,,,,,,,NA
,,,,,,,,,,,,,NA
,,,,,,,,,,,,,NA
,,,,,,,,,,,,,NA
,,,,,,,,,,,,,NA
,,,,,,,,,,,,,NA
,,,,,,,,,,,,,NA
,,,,,,,,,,,,,NA
,,,,,,,,,,,,,Bronze
,,,,,,,,,,,,,Gold
,,,,,,,,,,,,,NA
,,,,,,,,,,,,,NA
,,,,,,,,,,,,,NA
,,,,,,,,,,,,,NA
,,,,,,,,,,,,,NA
,,,,,,,,,,,,,NA
,,,,,,,,,,,,,Silver
,,,,,,,,,,,,,NA
,,,,,,,,,,,,,Bronze
,,,,,,,,,,,,,NA
,,,,,,,,,,,,,NA
,,,,,,,,,,,,,NA
,,,,,,,,,,,,,NA
,,,,,,,,,,,,,Gold
,,,,,,,,,,,,,Gold
,,,,,,,,,,,,,Silver
,,,,,,,,,,,,,NA
,,,,,,,,,,,,,NA
,,,,,,,,,,,,,NA
,,,,,,,,,,,,,Silver
,,,,,,,,,,,,,NA
,,,,,,,,,,,,,NA
,,,,,,,,,,,,,NA
,,,,,,,,,,,,,Silver
,,,,,,,,,,,,,NA
,,,,,,,,,,,,,Bronze
,,,,,,,,,,,,,NA
,,,,,,,,,,,,,NA
,,,,,,,,,,,,,NA
,,,,,,,,,,,,,NA
,,,,,,,,,,,,,NA
,,,,,,,,,,,,,NA
,,,,,,,,,,,,,NA
,,,,,,,,,,,,,NA
,,,,,,,,,,,,,NA
,,,,,,,,,,,,,NA
,,,,,,,,,,,,,NA
,,,,,,,,,,,,,NA
,,,,,,,,,,,,,Bronze
,,,,,,,,,,,,,NA
,,,,,,,,,,,,,NA
,,,,,,,,,,,,,Gold
,,,,,,,,,,,,,Bronze
,,,,,,,,,,,,,NA
,,,,,,,,,,,,,NA
,,,,,,,,,,,,,NA
,,,,,,,,,,,,,NA
,,,,,,,,,,,,,NA
,,,,,,,,,,,,,Gold
,,,,,,,,,,,,,Gold
,,,,,,,,,,,,,Silver
,,,,,,,,,,,,,NA
,,,,,,,,,,,,,NA
,,,,,,,,,,,,,NA
,,,,,,,,,,,,,NA
,,,,,,,,,,,,,NA
,,,,,,,,,,,,,NA
,,,,,,,,,,,,,NA
,,,,,,,,,,,,,Gold
,,,,,,,,,,,,,Gold
,,,,,,,,,,,,,Bronze
,,,,,,,,,,,,,Bronze
,,,,,,,,,,,,,NA
,,,,,,,,,,,,,NA
,,,,,,,,,,,,,NA
,,,,,,,,,,,,,NA
,,,,,,,,,,,,,NA
,,,,,,,,,,,,,NA
,,,,,,,,,,,,,NA
,,,,,,,,,,,,,NA
,,,,,,,,,,,,,NA
,,,,,,,,,,,,,NA
,,,,,,,,,,,,,NA
,,,,,,,,,,,,,NA
,,,,,,,,,,,,,NA
,,,,,,,,,,,,,NA
,,,,,,,,,,,,,NA
,,,,,,,,,,,,,NA
,,,,,,,,,,,,,NA
,,,,,,,,,,,,,NA
,,,,,,,,,,,,,NA
,,,,,,,,,,,,,NA
,,,,,,,,,,,,,NA
,,,,,,,,,,,,,NA
,,,,,,,,,,,,,NA